grammar_id,thai,romanization,english,breakdown,difficulty
negative-mai,เธอไม่ไปตลาด,thoe mai pai talat,She doesn't go to the market,"[{""thai"": ""เธอ"", ""english"": ""she"", ""tone"": ""mid""}, {""thai"": ""ไม่"", ""english"": ""not"", ""tone"": ""falling""}, {""thai"": ""ไป"", ""english"": ""go to"", ""tone"": ""mid""}, {""thai"": ""ตลาด"", ""english"": ""the market"", ""tone"": ""low""}]",easy
negative-mai,พวกเขาไม่ชอบเผ็ด,phuak khao mai chop phet,They don't like spicy food,"[{""thai"": ""พวกเขา"", ""english"": ""they"", ""tone"": ""mid""}, {""thai"": ""ไม่"", ""english"": ""not"", ""tone"": ""falling""}, {""thai"": ""ชอบ"", ""english"": ""like"", ""tone"": ""falling""}, {""thai"": ""เผ็ด"", ""english"": ""spicy food"", ""tone"": ""low""}]",easy
negative-mai,เพื่อนไม่กินปลา,phuean mai gin pla,My friend doesn't eat fish,"[{""thai"": ""เพื่อน"", ""english"": ""my friend"", ""tone"": ""falling""}, {""thai"": ""ไม่"", ""english"": ""not"", ""tone"": ""falling""}, {""thai"": ""กิน"", ""english"": ""eat"", ""tone"": ""mid""}, {""thai"": ""ปลา"", ""english"": ""fish"", ""tone"": ""mid""}]",easy
negative-mai,เราไม่กินปลา,rao mai gin pla,We don't eat fish,"[{""thai"": ""เรา"", ""english"": ""we"", ""tone"": ""mid""}, {""thai"": ""ไม่"", ""english"": ""not"", ""tone"": ""falling""}, {""thai"": ""กิน"", ""english"": ""eat"", ""tone"": ""mid""}, {""thai"": ""ปลา"", ""english"": ""fish"", ""tone"": ""mid""}]",easy
negative-mai,พวกเขาไม่ซื้อผัก,phuak khao mai sue phak,They don't buy vegetables,"[{""thai"": ""พวกเขา"", ""english"": ""they"", ""tone"": ""mid""}, {""thai"": ""ไม่"", ""english"": ""not"", ""tone"": ""falling""}, {""thai"": ""ซื้อ"", ""english"": ""buy"", ""tone"": ""high""}, {""thai"": ""ผัก"", ""english"": ""vegetables"", ""tone"": ""high""}]",easy
negative-mai,ครูไม่ชอบผัก,khru mai chop phak,The teacher doesn't like vegetables,"[{""thai"": ""ครู"", ""english"": ""the teacher"", ""tone"": ""mid""}, {""thai"": ""ไม่"", ""english"": ""not"", ""tone"": ""falling""}, {""thai"": ""ชอบ"", ""english"": ""like"", ""tone"": ""falling""}, {""thai"": ""ผัก"", ""english"": ""vegetables"", ""tone"": ""high""}]",easy
negative-mai,ผมไม่กินขนม,phom mai gin khanom,I don't eat snacks,"[{""thai"": ""ผม"", ""english"": ""i"", ""tone"": ""rising""}, {""thai"": ""ไม่"", ""english"": ""not"", ""tone"": ""falling""}, {""thai"": ""กิน"", ""english"": ""eat"", ""tone"": ""mid""}, {""thai"": ""ขนม"", ""english"": ""snacks"", ""tone"": ""mid""}]",easy
negative-mai,นักเรียนไม่ไปตลาด,nakrian mai pai talat,The student doesn't go to the market,"[{""thai"": ""นักเรียน"", ""english"": ""the student"", ""tone"": ""high""}, {""thai"": ""ไม่"", ""english"": ""not"", ""tone"": ""falling""}, {""thai"": ""ไป"", ""english"": ""go to"", ""tone"": ""mid""}, {""thai"": ""ตลาด"", ""english"": ""the market"", ""tone"": ""low""}]",easy
negative-mai,เด็กไม่กินขนม,dek mai gin khanom,The child doesn't eat snacks,"[{""thai"": ""เด็ก"", ""english"": ""the child"", ""tone"": ""low""}, {""thai"": ""ไม่"", ""english"": ""not"", ""tone"": ""falling""}, {""thai"": ""กิน"", ""english"": ""eat"", ""tone"": ""mid""}, {""thai"": ""ขนม"", ""english"": ""snacks"", ""tone"": ""mid""}]",easy
negative-mai,เพื่อนไม่เล่นเกม,phuean mai len game,My friend doesn't play games,"[{""thai"": ""เพื่อน"", ""english"": ""my friend"", ""tone"": ""falling""}, {""thai"": ""ไม่"", ""english"": ""not"", ""tone"": ""falling""}, {""thai"": ""เล่น"", ""english"": ""play"", ""tone"": ""low""}, {""thai"": ""เกม"", ""english"": ""games"", ""tone"": ""mid""}]",easy
negative-mai,เขาไม่ซื้ออาหาร,khao mai sue ahan,He doesn't buy food,"[{""thai"": ""เขา"", ""english"": ""he"", ""tone"": ""mid""}, {""thai"": ""ไม่"", ""english"": ""not"", ""tone"": ""falling""}, {""thai"": ""ซื้อ"", ""english"": ""buy"", ""tone"": ""high""}, {""thai"": ""อาหาร"", ""english"": ""food"", ""tone"": ""mid""}]",easy
negative-mai,เพื่อนไม่ดื่มกาแฟ,phuean mai duem kafae,My friend doesn't drink coffee,"[{""thai"": ""เพื่อน"", ""english"": ""my friend"", ""tone"": ""falling""}, {""thai"": ""ไม่"", ""english"": ""not"", ""tone"": ""falling""}, {""thai"": ""ดื่ม"", ""english"": ""drink"", ""tone"": ""low""}, {""thai"": ""กาแฟ"", ""english"": ""coffee"", ""tone"": ""mid""}]",easy
negative-mai,พ่อไม่ใช้โทรศัพท์,pho mai chai thorasaap,Dad doesn't use a phone,"[{""thai"": ""พ่อ"", ""english"": ""dad"", ""tone"": ""falling""}, {""thai"": ""ไม่"", ""english"": ""not"", ""tone"": ""falling""}, {""thai"": ""ใช้"", ""english"": ""use"", ""tone"": ""high""}, {""thai"": ""โทรศัพท์"", ""english"": ""a phone"", ""tone"": ""mid""}]",easy
negative-mai,เขาไม่ไปบ้าน,khao mai pai ban,He doesn't go to home,"[{""thai"": ""เขา"", ""english"": ""he"", ""tone"": ""mid""}, {""thai"": ""ไม่"", ""english"": ""not"", ""tone"": ""falling""}, {""thai"": ""ไป"", ""english"": ""go to"", ""tone"": ""mid""}, {""thai"": ""บ้าน"", ""english"": ""home"", ""tone"": ""falling""}]",easy
negative-mai,เขาไม่อ่านหนังสือ,khao mai an nangsue,He doesn't read a book,"[{""thai"": ""เขา"", ""english"": ""he"", ""tone"": ""mid""}, {""thai"": ""ไม่"", ""english"": ""not"", ""tone"": ""falling""}, {""thai"": ""อ่าน"", ""english"": ""read"", ""tone"": ""low""}, {""thai"": ""หนังสือ"", ""english"": ""a book"", ""tone"": ""low""}]",easy
negative-mai,เราไม่ใช้โทรศัพท์,rao mai chai thorasaap,We don't use a phone,"[{""thai"": ""เรา"", ""english"": ""we"", ""tone"": ""mid""}, {""thai"": ""ไม่"", ""english"": ""not"", ""tone"": ""falling""}, {""thai"": ""ใช้"", ""english"": ""use"", ""tone"": ""high""}, {""thai"": ""โทรศัพท์"", ""english"": ""a phone"", ""tone"": ""mid""}]",easy
negative-mai,เขาไม่ซื้อเสื้อ,khao mai sue suea,He doesn't buy a shirt,"[{""thai"": ""เขา"", ""english"": ""he"", ""tone"": ""mid""}, {""thai"": ""ไม่"", ""english"": ""not"", ""tone"": ""falling""}, {""thai"": ""ซื้อ"", ""english"": ""buy"", ""tone"": ""high""}, {""thai"": ""เสื้อ"", ""english"": ""a shirt"", ""tone"": ""falling""}]",easy
negative-mai,พ่อไม่ดูฟุตบอล,pho mai du football,Dad doesn't watch football,"[{""thai"": ""พ่อ"", ""english"": ""dad"", ""tone"": ""falling""}, {""thai"": ""ไม่"", ""english"": ""not"", ""tone"": ""falling""}, {""thai"": ""ดู"", ""english"": ""watch"", ""tone"": ""mid""}, {""thai"": ""ฟุตบอล"", ""english"": ""football"", ""tone"": ""mid""}]",easy
negative-mai,พวกเขาไม่ทำอาหาร,phuak khao mai tham ahan,They don't make food,"[{""thai"": ""พวกเขา"", ""english"": ""they"", ""tone"": ""mid""}, {""thai"": ""ไม่"", ""english"": ""not"", ""tone"": ""falling""}, {""thai"": ""ทำ"", ""english"": ""make"", ""tone"": ""mid""}, {""thai"": ""อาหาร"", ""english"": ""food"", ""tone"": ""mid""}]",easy
negative-mai,ฉันไม่ชอบหนัง,chan mai chop nang,I don't like movies,"[{""thai"": ""ฉัน"", ""english"": ""i"", ""tone"": ""rising""}, {""thai"": ""ไม่"", ""english"": ""not"", ""tone"": ""falling""}, {""thai"": ""ชอบ"", ""english"": ""like"", ""tone"": ""falling""}, {""thai"": ""หนัง"", ""english"": ""movies"", ""tone"": ""mid""}]",easy
negative-mai,ฉันไม่กินเผ็ด,chan mai gin phet,I don't eat spicy food,"[{""thai"": ""ฉัน"", ""english"": ""i"", ""tone"": ""rising""}, {""thai"": ""ไม่"", ""english"": ""not"", ""tone"": ""falling""}, {""thai"": ""กิน"", ""english"": ""eat"", ""tone"": ""mid""}, {""thai"": ""เผ็ด"", ""english"": ""spicy food"", ""tone"": ""low""}]",easy
negative-mai,แม่ไม่ซื้อเสื้อ,mae mai sue suea,Mom doesn't buy a shirt,"[{""thai"": ""แม่"", ""english"": ""mom"", ""tone"": ""falling""}, {""thai"": ""ไม่"", ""english"": ""not"", ""tone"": ""falling""}, {""thai"": ""ซื้อ"", ""english"": ""buy"", ""tone"": ""high""}, {""thai"": ""เสื้อ"", ""english"": ""a shirt"", ""tone"": ""falling""}]",easy
negative-mai,เราไม่ดูหนัง,rao mai du nang,We don't watch a movie,"[{""thai"": ""เรา"", ""english"": ""we"", ""tone"": ""mid""}, {""thai"": ""ไม่"", ""english"": ""not"", ""tone"": ""falling""}, {""thai"": ""ดู"", ""english"": ""watch"", ""tone"": ""mid""}, {""thai"": ""หนัง"", ""english"": ""a movie"", ""tone"": ""mid""}]",easy
negative-mai,ฉันไม่ดื่มชา,chan mai duem cha,I don't drink tea,"[{""thai"": ""ฉัน"", ""english"": ""i"", ""tone"": ""rising""}, {""thai"": ""ไม่"", ""english"": ""not"", ""tone"": ""falling""}, {""thai"": ""ดื่ม"", ""english"": ""drink"", ""tone"": ""low""}, {""thai"": ""ชา"", ""english"": ""tea"", ""tone"": ""mid""}]",easy
negative-mai,เขาไม่กินผัก,khao mai gin phak,He doesn't eat vegetables,"[{""thai"": ""เขา"", ""english"": ""he"", ""tone"": ""mid""}, {""thai"": ""ไม่"", ""english"": ""not"", ""tone"": ""falling""}, {""thai"": ""กิน"", ""english"": ""eat"", ""tone"": ""mid""}, {""thai"": ""ผัก"", ""english"": ""vegetables"", ""tone"": ""high""}]",easy
negative-mai,แม่ไม่ซื้อผัก,mae mai sue phak,Mom doesn't buy vegetables,"[{""thai"": ""แม่"", ""english"": ""mom"", ""tone"": ""falling""}, {""thai"": ""ไม่"", ""english"": ""not"", ""tone"": ""falling""}, {""thai"": ""ซื้อ"", ""english"": ""buy"", ""tone"": ""high""}, {""thai"": ""ผัก"", ""english"": ""vegetables"", ""tone"": ""high""}]",easy
negative-mai,ผมไม่ดูหนัง,phom mai du nang,I don't watch a movie,"[{""thai"": ""ผม"", ""english"": ""i"", ""tone"": ""rising""}, {""thai"": ""ไม่"", ""english"": ""not"", ""tone"": ""falling""}, {""thai"": ""ดู"", ""english"": ""watch"", ""tone"": ""mid""}, {""thai"": ""หนัง"", ""english"": ""a movie"", ""tone"": ""mid""}]",easy
negative-mai,เธอไม่อ่านหนังสือพิมพ์,thoe mai an nangsuephim,She doesn't read the newspaper,"[{""thai"": ""เธอ"", ""english"": ""she"", ""tone"": ""mid""}, {""thai"": ""ไม่"", ""english"": ""not"", ""tone"": ""falling""}, {""thai"": ""อ่าน"", ""english"": ""read"", ""tone"": ""low""}, {""thai"": ""หนังสือพิมพ์"", ""english"": ""the newspaper"", ""tone"": ""low""}]",easy
negative-mai,แม่ไม่ชอบกาแฟ,mae mai chop kafae,Mom doesn't like coffee,"[{""thai"": ""แม่"", ""english"": ""mom"", ""tone"": ""falling""}, {""thai"": ""ไม่"", ""english"": ""not"", ""tone"": ""falling""}, {""thai"": ""ชอบ"", ""english"": ""like"", ""tone"": ""falling""}, {""thai"": ""กาแฟ"", ""english"": ""coffee"", ""tone"": ""mid""}]",easy
negative-mai,พวกเขาไม่กินข้าว,phuak khao mai gin khao,They don't eat rice,"[{""thai"": ""พวกเขา"", ""english"": ""they"", ""tone"": ""mid""}, {""thai"": ""ไม่"", ""english"": ""not"", ""tone"": ""falling""}, {""thai"": ""กิน"", ""english"": ""eat"", ""tone"": ""mid""}, {""thai"": ""ข้าว"", ""english"": ""rice"", ""tone"": ""falling""}]",easy
negative-mai,พ่อไม่ชอบเผ็ด,pho mai chop phet,Dad doesn't like spicy food,"[{""thai"": ""พ่อ"", ""english"": ""dad"", ""tone"": ""falling""}, {""thai"": ""ไม่"", ""english"": ""not"", ""tone"": ""falling""}, {""thai"": ""ชอบ"", ""english"": ""like"", ""tone"": ""falling""}, {""thai"": ""เผ็ด"", ""english"": ""spicy food"", ""tone"": ""low""}]",easy
negative-mai,ครูไม่ซื้อผลไม้,khru mai sue phonlamai,The teacher doesn't buy fruit,"[{""thai"": ""ครู"", ""english"": ""the teacher"", ""tone"": ""mid""}, {""thai"": ""ไม่"", ""english"": ""not"", ""tone"": ""falling""}, {""thai"": ""ซื้อ"", ""english"": ""buy"", ""tone"": ""high""}, {""thai"": ""ผลไม้"", ""english"": ""fruit"", ""tone"": ""mid""}]",easy
negative-mai,ครูไม่ดื่มน้ำ,khru mai duem nam,The teacher doesn't drink water,"[{""thai"": ""ครู"", ""english"": ""the teacher"", ""tone"": ""mid""}, {""thai"": ""ไม่"", ""english"": ""not"", ""tone"": ""falling""}, {""thai"": ""ดื่ม"", ""english"": ""drink"", ""tone"": ""low""}, {""thai"": ""น้ำ"", ""english"": ""water"", ""tone"": ""high""}]",easy
negative-mai,ครูไม่ชอบปลา,khru mai chop pla,The teacher doesn't like fish,"[{""thai"": ""ครู"", ""english"": ""the teacher"", ""tone"": ""mid""}, {""thai"": ""ไม่"", ""english"": ""not"", ""tone"": ""falling""}, {""thai"": ""ชอบ"", ""english"": ""like"", ""tone"": ""falling""}, {""thai"": ""ปลา"", ""english"": ""fish"", ""tone"": ""mid""}]",easy
negative-mai,ฉันไม่กินก๋วยเตี๋ยว,chan mai gin kuaitiao,I don't eat noodles,"[{""thai"": ""ฉัน"", ""english"": ""i"", ""tone"": ""rising""}, {""thai"": ""ไม่"", ""english"": ""not"", ""tone"": ""falling""}, {""thai"": ""กิน"", ""english"": ""eat"", ""tone"": ""mid""}, {""thai"": ""ก๋วยเตี๋ยว"", ""english"": ""noodles"", ""tone"": ""low""}]",easy
negative-mai,ฉันไม่กินอาหาร,chan mai gin ahan,I don't eat food,"[{""thai"": ""ฉัน"", ""english"": ""i"", ""tone"": ""rising""}, {""thai"": ""ไม่"", ""english"": ""not"", ""tone"": ""falling""}, {""thai"": ""กิน"", ""english"": ""eat"", ""tone"": ""mid""}, {""thai"": ""อาหาร"", ""english"": ""food"", ""tone"": ""mid""}]",easy
negative-mai,เราไม่ไปโรงเรียน,rao mai pai rongrian,We don't go to school,"[{""thai"": ""เรา"", ""english"": ""we"", ""tone"": ""mid""}, {""thai"": ""ไม่"", ""english"": ""not"", ""tone"": ""falling""}, {""thai"": ""ไป"", ""english"": ""go to"", ""tone"": ""mid""}, {""thai"": ""โรงเรียน"", ""english"": ""school"", ""tone"": ""mid""}]",easy
negative-mai,เธอไม่ชอบเผ็ด,thoe mai chop phet,She doesn't like spicy food,"[{""thai"": ""เธอ"", ""english"": ""she"", ""tone"": ""mid""}, {""thai"": ""ไม่"", ""english"": ""not"", ""tone"": ""falling""}, {""thai"": ""ชอบ"", ""english"": ""like"", ""tone"": ""falling""}, {""thai"": ""เผ็ด"", ""english"": ""spicy food"", ""tone"": ""low""}]",easy
negative-mai,พ่อไม่กินข้าว,pho mai gin khao,Dad doesn't eat rice,"[{""thai"": ""พ่อ"", ""english"": ""dad"", ""tone"": ""falling""}, {""thai"": ""ไม่"", ""english"": ""not"", ""tone"": ""falling""}, {""thai"": ""กิน"", ""english"": ""eat"", ""tone"": ""mid""}, {""thai"": ""ข้าว"", ""english"": ""rice"", ""tone"": ""falling""}]",easy
negative-mai,เราไม่ไปบ้าน,rao mai pai ban,We don't go to home,"[{""thai"": ""เรา"", ""english"": ""we"", ""tone"": ""mid""}, {""thai"": ""ไม่"", ""english"": ""not"", ""tone"": ""falling""}, {""thai"": ""ไป"", ""english"": ""go to"", ""tone"": ""mid""}, {""thai"": ""บ้าน"", ""english"": ""home"", ""tone"": ""falling""}]",easy
negative-mai,เพื่อนไม่กินเผ็ด,phuean mai gin phet,My friend doesn't eat spicy food,"[{""thai"": ""เพื่อน"", ""english"": ""my friend"", ""tone"": ""falling""}, {""thai"": ""ไม่"", ""english"": ""not"", ""tone"": ""falling""}, {""thai"": ""กิน"", ""english"": ""eat"", ""tone"": ""mid""}, {""thai"": ""เผ็ด"", ""english"": ""spicy food"", ""tone"": ""low""}]",easy
negative-mai,เราไม่ใช้คอมพิวเตอร์,rao mai chai khomphiwtoe,We don't use a computer,"[{""thai"": ""เรา"", ""english"": ""we"", ""tone"": ""mid""}, {""thai"": ""ไม่"", ""english"": ""not"", ""tone"": ""falling""}, {""thai"": ""ใช้"", ""english"": ""use"", ""tone"": ""high""}, {""thai"": ""คอมพิวเตอร์"", ""english"": ""a computer"", ""tone"": ""mid""}]",easy
negative-mai,เพื่อนไม่กินผลไม้,phuean mai gin phonlamai,My friend doesn't eat fruit,"[{""thai"": ""เพื่อน"", ""english"": ""my friend"", ""tone"": ""falling""}, {""thai"": ""ไม่"", ""english"": ""not"", ""tone"": ""falling""}, {""thai"": ""กิน"", ""english"": ""eat"", ""tone"": ""mid""}, {""thai"": ""ผลไม้"", ""english"": ""fruit"", ""tone"": ""mid""}]",easy
negative-mai,เพื่อนไม่ดื่มเบียร์,phuean mai duem bia,My friend doesn't drink beer,"[{""thai"": ""เพื่อน"", ""english"": ""my friend"", ""tone"": ""falling""}, {""thai"": ""ไม่"", ""english"": ""not"", ""tone"": ""falling""}, {""thai"": ""ดื่ม"", ""english"": ""drink"", ""tone"": ""low""}, {""thai"": ""เบียร์"", ""english"": ""beer"", ""tone"": ""mid""}]",easy
negative-mai,เพื่อนไม่อ่านข่าว,phuean mai an khao,My friend doesn't read the news,"[{""thai"": ""เพื่อน"", ""english"": ""my friend"", ""tone"": ""falling""}, {""thai"": ""ไม่"", ""english"": ""not"", ""tone"": ""falling""}, {""thai"": ""อ่าน"", ""english"": ""read"", ""tone"": ""low""}, {""thai"": ""ข่าว"", ""english"": ""the news"", ""tone"": ""low""}]",easy
negative-mai,ผมไม่เล่นเกม,phom mai len game,I don't play games,"[{""thai"": ""ผม"", ""english"": ""i"", ""tone"": ""rising""}, {""thai"": ""ไม่"", ""english"": ""not"", ""tone"": ""falling""}, {""thai"": ""เล่น"", ""english"": ""play"", ""tone"": ""low""}, {""thai"": ""เกม"", ""english"": ""games"", ""tone"": ""mid""}]",easy
negative-mai,เด็กไม่ดื่มเบียร์,dek mai duem bia,The child doesn't drink beer,"[{""thai"": ""เด็ก"", ""english"": ""the child"", ""tone"": ""low""}, {""thai"": ""ไม่"", ""english"": ""not"", ""tone"": ""falling""}, {""thai"": ""ดื่ม"", ""english"": ""drink"", ""tone"": ""low""}, {""thai"": ""เบียร์"", ""english"": ""beer"", ""tone"": ""mid""}]",easy
negative-mai,ฉันไม่กินปลา,chan mai gin pla,I don't eat fish,"[{""thai"": ""ฉัน"", ""english"": ""i"", ""tone"": ""rising""}, {""thai"": ""ไม่"", ""english"": ""not"", ""tone"": ""falling""}, {""thai"": ""กิน"", ""english"": ""eat"", ""tone"": ""mid""}, {""thai"": ""ปลา"", ""english"": ""fish"", ""tone"": ""mid""}]",easy
negative-mai,เราไม่กินผัก,rao mai gin phak,We don't eat vegetables,"[{""thai"": ""เรา"", ""english"": ""we"", ""tone"": ""mid""}, {""thai"": ""ไม่"", ""english"": ""not"", ""tone"": ""falling""}, {""thai"": ""กิน"", ""english"": ""eat"", ""tone"": ""mid""}, {""thai"": ""ผัก"", ""english"": ""vegetables"", ""tone"": ""high""}]",easy
negative-mai,เขาไม่ดื่มเบียร์,khao mai duem bia,He doesn't drink beer,"[{""thai"": ""เขา"", ""english"": ""he"", ""tone"": ""mid""}, {""thai"": ""ไม่"", ""english"": ""not"", ""tone"": ""falling""}, {""thai"": ""ดื่ม"", ""english"": ""drink"", ""tone"": ""low""}, {""thai"": ""เบียร์"", ""english"": ""beer"", ""tone"": ""mid""}]",easy
negative-mai,เขาไม่ซื้อผลไม้,khao mai sue phonlamai,He doesn't buy fruit,"[{""thai"": ""เขา"", ""english"": ""he"", ""tone"": ""mid""}, {""thai"": ""ไม่"", ""english"": ""not"", ""tone"": ""falling""}, {""thai"": ""ซื้อ"", ""english"": ""buy"", ""tone"": ""high""}, {""thai"": ""ผลไม้"", ""english"": ""fruit"", ""tone"": ""mid""}]",easy
negative-mai,ครูไม่ไปบ้าน,khru mai pai ban,The teacher doesn't go to home,"[{""thai"": ""ครู"", ""english"": ""the teacher"", ""tone"": ""mid""}, {""thai"": ""ไม่"", ""english"": ""not"", ""tone"": ""falling""}, {""thai"": ""ไป"", ""english"": ""go to"", ""tone"": ""mid""}, {""thai"": ""บ้าน"", ""english"": ""home"", ""tone"": ""falling""}]",easy
negative-mai,เราไม่ซื้ออาหาร,rao mai sue ahan,We don't buy food,"[{""thai"": ""เรา"", ""english"": ""we"", ""tone"": ""mid""}, {""thai"": ""ไม่"", ""english"": ""not"", ""tone"": ""falling""}, {""thai"": ""ซื้อ"", ""english"": ""buy"", ""tone"": ""high""}, {""thai"": ""อาหาร"", ""english"": ""food"", ""tone"": ""mid""}]",easy
negative-mai,พวกเขาไม่ดื่มเบียร์,phuak khao mai duem bia,They don't drink beer,"[{""thai"": ""พวกเขา"", ""english"": ""they"", ""tone"": ""mid""}, {""thai"": ""ไม่"", ""english"": ""not"", ""tone"": ""falling""}, {""thai"": ""ดื่ม"", ""english"": ""drink"", ""tone"": ""low""}, {""thai"": ""เบียร์"", ""english"": ""beer"", ""tone"": ""mid""}]",easy
negative-mai,นักเรียนไม่เล่นเกม,nakrian mai len game,The student doesn't play games,"[{""thai"": ""นักเรียน"", ""english"": ""the student"", ""tone"": ""high""}, {""thai"": ""ไม่"", ""english"": ""not"", ""tone"": ""falling""}, {""thai"": ""เล่น"", ""english"": ""play"", ""tone"": ""low""}, {""thai"": ""เกม"", ""english"": ""games"", ""tone"": ""mid""}]",easy
negative-mai,พวกเขาไม่ดูหนัง,phuak khao mai du nang,They don't watch a movie,"[{""thai"": ""พวกเขา"", ""english"": ""they"", ""tone"": ""mid""}, {""thai"": ""ไม่"", ""english"": ""not"", ""tone"": ""falling""}, {""thai"": ""ดู"", ""english"": ""watch"", ""tone"": ""mid""}, {""thai"": ""หนัง"", ""english"": ""a movie"", ""tone"": ""mid""}]",easy
negative-mai,เด็กไม่ใช้คอมพิวเตอร์,dek mai chai khomphiwtoe,The child doesn't use a computer,"[{""thai"": ""เด็ก"", ""english"": ""the child"", ""tone"": ""low""}, {""thai"": ""ไม่"", ""english"": ""not"", ""tone"": ""falling""}, {""thai"": ""ใช้"", ""english"": ""use"", ""tone"": ""high""}, {""thai"": ""คอมพิวเตอร์"", ""english"": ""a computer"", ""tone"": ""mid""}]",easy
negative-mai,เราไม่ดื่มนม,rao mai duem nom,We don't drink milk,"[{""thai"": ""เรา"", ""english"": ""we"", ""tone"": ""mid""}, {""thai"": ""ไม่"", ""english"": ""not"", ""tone"": ""falling""}, {""thai"": ""ดื่ม"", ""english"": ""drink"", ""tone"": ""low""}, {""thai"": ""นม"", ""english"": ""milk"", ""tone"": ""mid""}]",easy
negative-mai,พวกเขาไม่กินเผ็ด,phuak khao mai gin phet,They don't eat spicy food,"[{""thai"": ""พวกเขา"", ""english"": ""they"", ""tone"": ""mid""}, {""thai"": ""ไม่"", ""english"": ""not"", ""tone"": ""falling""}, {""thai"": ""กิน"", ""english"": ""eat"", ""tone"": ""mid""}, {""thai"": ""เผ็ด"", ""english"": ""spicy food"", ""tone"": ""low""}]",easy
negative-mai,เด็กไม่กินข้าว,dek mai gin khao,The child doesn't eat rice,"[{""thai"": ""เด็ก"", ""english"": ""the child"", ""tone"": ""low""}, {""thai"": ""ไม่"", ""english"": ""not"", ""tone"": ""falling""}, {""thai"": ""กิน"", ""english"": ""eat"", ""tone"": ""mid""}, {""thai"": ""ข้าว"", ""english"": ""rice"", ""tone"": ""falling""}]",easy
negative-mai,นักเรียนไม่กินอาหาร,nakrian mai gin ahan,The student doesn't eat food,"[{""thai"": ""นักเรียน"", ""english"": ""the student"", ""tone"": ""high""}, {""thai"": ""ไม่"", ""english"": ""not"", ""tone"": ""falling""}, {""thai"": ""กิน"", ""english"": ""eat"", ""tone"": ""mid""}, {""thai"": ""อาหาร"", ""english"": ""food"", ""tone"": ""mid""}]",easy
negative-mai,ฉันไม่ดูหนัง,chan mai du nang,I don't watch a movie,"[{""thai"": ""ฉัน"", ""english"": ""i"", ""tone"": ""rising""}, {""thai"": ""ไม่"", ""english"": ""not"", ""tone"": ""falling""}, {""thai"": ""ดู"", ""english"": ""watch"", ""tone"": ""mid""}, {""thai"": ""หนัง"", ""english"": ""a movie"", ""tone"": ""mid""}]",easy
negative-mai,ผมไม่กินอาหาร,phom mai gin ahan,I don't eat food,"[{""thai"": ""ผม"", ""english"": ""i"", ""tone"": ""rising""}, {""thai"": ""ไม่"", ""english"": ""not"", ""tone"": ""falling""}, {""thai"": ""กิน"", ""english"": ""eat"", ""tone"": ""mid""}, {""thai"": ""อาหาร"", ""english"": ""food"", ""tone"": ""mid""}]",easy
negative-mai,พ่อไม่อ่านหนังสือ,pho mai an nangsue,Dad doesn't read a book,"[{""thai"": ""พ่อ"", ""english"": ""dad"", ""tone"": ""falling""}, {""thai"": ""ไม่"", ""english"": ""not"", ""tone"": ""falling""}, {""thai"": ""อ่าน"", ""english"": ""read"", ""tone"": ""low""}, {""thai"": ""หนังสือ"", ""english"": ""a book"", ""tone"": ""low""}]",easy
negative-mai,เธอไม่ชอบหนัง,thoe mai chop nang,She doesn't like movies,"[{""thai"": ""เธอ"", ""english"": ""she"", ""tone"": ""mid""}, {""thai"": ""ไม่"", ""english"": ""not"", ""tone"": ""falling""}, {""thai"": ""ชอบ"", ""english"": ""like"", ""tone"": ""falling""}, {""thai"": ""หนัง"", ""english"": ""movies"", ""tone"": ""mid""}]",easy
negative-mai,ฉันไม่ชอบกาแฟ,chan mai chop kafae,I don't like coffee,"[{""thai"": ""ฉัน"", ""english"": ""i"", ""tone"": ""rising""}, {""thai"": ""ไม่"", ""english"": ""not"", ""tone"": ""falling""}, {""thai"": ""ชอบ"", ""english"": ""like"", ""tone"": ""falling""}, {""thai"": ""กาแฟ"", ""english"": ""coffee"", ""tone"": ""mid""}]",easy
negative-mai,พวกเขาไม่ดูฟุตบอล,phuak khao mai du football,They don't watch football,"[{""thai"": ""พวกเขา"", ""english"": ""they"", ""tone"": ""mid""}, {""thai"": ""ไม่"", ""english"": ""not"", ""tone"": ""falling""}, {""thai"": ""ดู"", ""english"": ""watch"", ""tone"": ""mid""}, {""thai"": ""ฟุตบอล"", ""english"": ""football"", ""tone"": ""mid""}]",easy
negative-mai,เราไม่ทำอาหาร,rao mai tham ahan,We don't make food,"[{""thai"": ""เรา"", ""english"": ""we"", ""tone"": ""mid""}, {""thai"": ""ไม่"", ""english"": ""not"", ""tone"": ""falling""}, {""thai"": ""ทำ"", ""english"": ""make"", ""tone"": ""mid""}, {""thai"": ""อาหาร"", ""english"": ""food"", ""tone"": ""mid""}]",easy
negative-mai,เราไม่ชอบผัก,rao mai chop phak,We don't like vegetables,"[{""thai"": ""เรา"", ""english"": ""we"", ""tone"": ""mid""}, {""thai"": ""ไม่"", ""english"": ""not"", ""tone"": ""falling""}, {""thai"": ""ชอบ"", ""english"": ""like"", ""tone"": ""falling""}, {""thai"": ""ผัก"", ""english"": ""vegetables"", ""tone"": ""high""}]",easy
negative-mai,เพื่อนไม่ไปโรงเรียน,phuean mai pai rongrian,My friend doesn't go to school,"[{""thai"": ""เพื่อน"", ""english"": ""my friend"", ""tone"": ""falling""}, {""thai"": ""ไม่"", ""english"": ""not"", ""tone"": ""falling""}, {""thai"": ""ไป"", ""english"": ""go to"", ""tone"": ""mid""}, {""thai"": ""โรงเรียน"", ""english"": ""school"", ""tone"": ""mid""}]",easy
negative-mai,ครูไม่ชอบฟุตบอล,khru mai chop football,The teacher doesn't like football,"[{""thai"": ""ครู"", ""english"": ""the teacher"", ""tone"": ""mid""}, {""thai"": ""ไม่"", ""english"": ""not"", ""tone"": ""falling""}, {""thai"": ""ชอบ"", ""english"": ""like"", ""tone"": ""falling""}, {""thai"": ""ฟุตบอล"", ""english"": ""football"", ""tone"": ""mid""}]",easy
negative-mai,นักเรียนไม่อ่านหนังสือพิมพ์,nakrian mai an nangsuephim,The student doesn't read the newspaper,"[{""thai"": ""นักเรียน"", ""english"": ""the student"", ""tone"": ""high""}, {""thai"": ""ไม่"", ""english"": ""not"", ""tone"": ""falling""}, {""thai"": ""อ่าน"", ""english"": ""read"", ""tone"": ""low""}, {""thai"": ""หนังสือพิมพ์"", ""english"": ""the newspaper"", ""tone"": ""low""}]",easy
negative-mai,พ่อไม่ดูทีวี,pho mai du thiwi,Dad doesn't watch TV,"[{""thai"": ""พ่อ"", ""english"": ""dad"", ""tone"": ""falling""}, {""thai"": ""ไม่"", ""english"": ""not"", ""tone"": ""falling""}, {""thai"": ""ดู"", ""english"": ""watch"", ""tone"": ""mid""}, {""thai"": ""ทีวี"", ""english"": ""TV"", ""tone"": ""mid""}]",easy
negative-mai,ครูไม่อ่านหนังสือพิมพ์,khru mai an nangsuephim,The teacher doesn't read the newspaper,"[{""thai"": ""ครู"", ""english"": ""the teacher"", ""tone"": ""mid""}, {""thai"": ""ไม่"", ""english"": ""not"", ""tone"": ""falling""}, {""thai"": ""อ่าน"", ""english"": ""read"", ""tone"": ""low""}, {""thai"": ""หนังสือพิมพ์"", ""english"": ""the newspaper"", ""tone"": ""low""}]",easy
negative-mai,แม่ไม่เล่นเกม,mae mai len game,Mom doesn't play games,"[{""thai"": ""แม่"", ""english"": ""mom"", ""tone"": ""falling""}, {""thai"": ""ไม่"", ""english"": ""not"", ""tone"": ""falling""}, {""thai"": ""เล่น"", ""english"": ""play"", ""tone"": ""low""}, {""thai"": ""เกม"", ""english"": ""games"", ""tone"": ""mid""}]",easy
negative-mai,เราไม่กินขนม,rao mai gin khanom,We don't eat snacks,"[{""thai"": ""เรา"", ""english"": ""we"", ""tone"": ""mid""}, {""thai"": ""ไม่"", ""english"": ""not"", ""tone"": ""falling""}, {""thai"": ""กิน"", ""english"": ""eat"", ""tone"": ""mid""}, {""thai"": ""ขนม"", ""english"": ""snacks"", ""tone"": ""mid""}]",easy
negative-mai,เขาไม่เล่นฟุตบอล,khao mai len football,He doesn't play football,"[{""thai"": ""เขา"", ""english"": ""he"", ""tone"": ""mid""}, {""thai"": ""ไม่"", ""english"": ""not"", ""tone"": ""falling""}, {""thai"": ""เล่น"", ""english"": ""play"", ""tone"": ""low""}, {""thai"": ""ฟุตบอล"", ""english"": ""football"", ""tone"": ""mid""}]",easy
negative-mai,ผมไม่ชอบข้าว,phom mai chop khao,I don't like rice,"[{""thai"": ""ผม"", ""english"": ""i"", ""tone"": ""rising""}, {""thai"": ""ไม่"", ""english"": ""not"", ""tone"": ""falling""}, {""thai"": ""ชอบ"", ""english"": ""like"", ""tone"": ""falling""}, {""thai"": ""ข้าว"", ""english"": ""rice"", ""tone"": ""falling""}]",easy
negative-mai,เพื่อนไม่อ่านหนังสือ,phuean mai an nangsue,My friend doesn't read a book,"[{""thai"": ""เพื่อน"", ""english"": ""my friend"", ""tone"": ""falling""}, {""thai"": ""ไม่"", ""english"": ""not"", ""tone"": ""falling""}, {""thai"": ""อ่าน"", ""english"": ""read"", ""tone"": ""low""}, {""thai"": ""หนังสือ"", ""english"": ""a book"", ""tone"": ""low""}]",easy
negative-mai,เธอไม่ซื้อผัก,thoe mai sue phak,She doesn't buy vegetables,"[{""thai"": ""เธอ"", ""english"": ""she"", ""tone"": ""mid""}, {""thai"": ""ไม่"", ""english"": ""not"", ""tone"": ""falling""}, {""thai"": ""ซื้อ"", ""english"": ""buy"", ""tone"": ""high""}, {""thai"": ""ผัก"", ""english"": ""vegetables"", ""tone"": ""high""}]",easy
negative-mai,เพื่อนไม่ดูทีวี,phuean mai du thiwi,My friend doesn't watch TV,"[{""thai"": ""เพื่อน"", ""english"": ""my friend"", ""tone"": ""falling""}, {""thai"": ""ไม่"", ""english"": ""not"", ""tone"": ""falling""}, {""thai"": ""ดู"", ""english"": ""watch"", ""tone"": ""mid""}, {""thai"": ""ทีวี"", ""english"": ""TV"", ""tone"": ""mid""}]",easy
negative-mai,แม่ไม่ชอบหนัง,mae mai chop nang,Mom doesn't like movies,"[{""thai"": ""แม่"", ""english"": ""mom"", ""tone"": ""falling""}, {""thai"": ""ไม่"", ""english"": ""not"", ""tone"": ""falling""}, {""thai"": ""ชอบ"", ""english"": ""like"", ""tone"": ""falling""}, {""thai"": ""หนัง"", ""english"": ""movies"", ""tone"": ""mid""}]",easy
negative-mai,เราไม่ดื่มชา,rao mai duem cha,We don't drink tea,"[{""thai"": ""เรา"", ""english"": ""we"", ""tone"": ""mid""}, {""thai"": ""ไม่"", ""english"": ""not"", ""tone"": ""falling""}, {""thai"": ""ดื่ม"", ""english"": ""drink"", ""tone"": ""low""}, {""thai"": ""ชา"", ""english"": ""tea"", ""tone"": ""mid""}]",easy
negative-mai,แม่ไม่กินข้าว,mae mai gin khao,Mom doesn't eat rice,"[{""thai"": ""แม่"", ""english"": ""mom"", ""tone"": ""falling""}, {""thai"": ""ไม่"", ""english"": ""not"", ""tone"": ""falling""}, {""thai"": ""กิน"", ""english"": ""eat"", ""tone"": ""mid""}, {""thai"": ""ข้าว"", ""english"": ""rice"", ""tone"": ""falling""}]",easy
negative-mai,นักเรียนไม่เล่นฟุตบอล,nakrian mai len football,The student doesn't play football,"[{""thai"": ""นักเรียน"", ""english"": ""the student"", ""tone"": ""high""}, {""thai"": ""ไม่"", ""english"": ""not"", ""tone"": ""falling""}, {""thai"": ""เล่น"", ""english"": ""play"", ""tone"": ""low""}, {""thai"": ""ฟุตบอล"", ""english"": ""football"", ""tone"": ""mid""}]",easy
negative-mai,เธอไม่ไปบ้าน,thoe mai pai ban,She doesn't go to home,"[{""thai"": ""เธอ"", ""english"": ""she"", ""tone"": ""mid""}, {""thai"": ""ไม่"", ""english"": ""not"", ""tone"": ""falling""}, {""thai"": ""ไป"", ""english"": ""go to"", ""tone"": ""mid""}, {""thai"": ""บ้าน"", ""english"": ""home"", ""tone"": ""falling""}]",easy
negative-mai,พ่อไม่ดูหนัง,pho mai du nang,Dad doesn't watch a movie,"[{""thai"": ""พ่อ"", ""english"": ""dad"", ""tone"": ""falling""}, {""thai"": ""ไม่"", ""english"": ""not"", ""tone"": ""falling""}, {""thai"": ""ดู"", ""english"": ""watch"", ""tone"": ""mid""}, {""thai"": ""หนัง"", ""english"": ""a movie"", ""tone"": ""mid""}]",easy
negative-mai,แม่ไม่ชอบเผ็ด,mae mai chop phet,Mom doesn't like spicy food,"[{""thai"": ""แม่"", ""english"": ""mom"", ""tone"": ""falling""}, {""thai"": ""ไม่"", ""english"": ""not"", ""tone"": ""falling""}, {""thai"": ""ชอบ"", ""english"": ""like"", ""tone"": ""falling""}, {""thai"": ""เผ็ด"", ""english"": ""spicy food"", ""tone"": ""low""}]",easy
negative-mai,เราไม่ชอบฟุตบอล,rao mai chop football,We don't like football,"[{""thai"": ""เรา"", ""english"": ""we"", ""tone"": ""mid""}, {""thai"": ""ไม่"", ""english"": ""not"", ""tone"": ""falling""}, {""thai"": ""ชอบ"", ""english"": ""like"", ""tone"": ""falling""}, {""thai"": ""ฟุตบอล"", ""english"": ""football"", ""tone"": ""mid""}]",easy
negative-mai,ผมไม่ไปบ้าน,phom mai pai ban,I don't go to home,"[{""thai"": ""ผม"", ""english"": ""i"", ""tone"": ""rising""}, {""thai"": ""ไม่"", ""english"": ""not"", ""tone"": ""falling""}, {""thai"": ""ไป"", ""english"": ""go to"", ""tone"": ""mid""}, {""thai"": ""บ้าน"", ""english"": ""home"", ""tone"": ""falling""}]",easy
negative-mai,เราไม่กินเผ็ด,rao mai gin phet,We don't eat spicy food,"[{""thai"": ""เรา"", ""english"": ""we"", ""tone"": ""mid""}, {""thai"": ""ไม่"", ""english"": ""not"", ""tone"": ""falling""}, {""thai"": ""กิน"", ""english"": ""eat"", ""tone"": ""mid""}, {""thai"": ""เผ็ด"", ""english"": ""spicy food"", ""tone"": ""low""}]",easy
negative-mai,เด็กไม่ชอบข้าว,dek mai chop khao,The child doesn't like rice,"[{""thai"": ""เด็ก"", ""english"": ""the child"", ""tone"": ""low""}, {""thai"": ""ไม่"", ""english"": ""not"", ""tone"": ""falling""}, {""thai"": ""ชอบ"", ""english"": ""like"", ""tone"": ""falling""}, {""thai"": ""ข้าว"", ""english"": ""rice"", ""tone"": ""falling""}]",easy
negative-mai,พวกเขาไม่เล่นเกม,phuak khao mai len game,They don't play games,"[{""thai"": ""พวกเขา"", ""english"": ""they"", ""tone"": ""mid""}, {""thai"": ""ไม่"", ""english"": ""not"", ""tone"": ""falling""}, {""thai"": ""เล่น"", ""english"": ""play"", ""tone"": ""low""}, {""thai"": ""เกม"", ""english"": ""games"", ""tone"": ""mid""}]",easy
negative-mai,พ่อไม่ดื่มกาแฟ,pho mai duem kafae,Dad doesn't drink coffee,"[{""thai"": ""พ่อ"", ""english"": ""dad"", ""tone"": ""falling""}, {""thai"": ""ไม่"", ""english"": ""not"", ""tone"": ""falling""}, {""thai"": ""ดื่ม"", ""english"": ""drink"", ""tone"": ""low""}, {""thai"": ""กาแฟ"", ""english"": ""coffee"", ""tone"": ""mid""}]",easy
negative-mai,เราไม่กินก๋วยเตี๋ยว,rao mai gin kuaitiao,We don't eat noodles,"[{""thai"": ""เรา"", ""english"": ""we"", ""tone"": ""mid""}, {""thai"": ""ไม่"", ""english"": ""not"", ""tone"": ""falling""}, {""thai"": ""กิน"", ""english"": ""eat"", ""tone"": ""mid""}, {""thai"": ""ก๋วยเตี๋ยว"", ""english"": ""noodles"", ""tone"": ""low""}]",easy
negative-mai,พวกเขาไม่ซื้ออาหาร,phuak khao mai sue ahan,They don't buy food,"[{""thai"": ""พวกเขา"", ""english"": ""they"", ""tone"": ""mid""}, {""thai"": ""ไม่"", ""english"": ""not"", ""tone"": ""falling""}, {""thai"": ""ซื้อ"", ""english"": ""buy"", ""tone"": ""high""}, {""thai"": ""อาหาร"", ""english"": ""food"", ""tone"": ""mid""}]",easy
negative-mai,พวกเขาไม่กินผลไม้,phuak khao mai gin phonlamai,They don't eat fruit,"[{""thai"": ""พวกเขา"", ""english"": ""they"", ""tone"": ""mid""}, {""thai"": ""ไม่"", ""english"": ""not"", ""tone"": ""falling""}, {""thai"": ""กิน"", ""english"": ""eat"", ""tone"": ""mid""}, {""thai"": ""ผลไม้"", ""english"": ""fruit"", ""tone"": ""mid""}]",easy
negative-mai,เขาไม่ดูทีวี,khao mai du thiwi,He doesn't watch TV,"[{""thai"": ""เขา"", ""english"": ""he"", ""tone"": ""mid""}, {""thai"": ""ไม่"", ""english"": ""not"", ""tone"": ""falling""}, {""thai"": ""ดู"", ""english"": ""watch"", ""tone"": ""mid""}, {""thai"": ""ทีวี"", ""english"": ""TV"", ""tone"": ""mid""}]",easy
negative-mai,เพื่อนไม่ใช้คอมพิวเตอร์,phuean mai chai khomphiwtoe,My friend doesn't use a computer,"[{""thai"": ""เพื่อน"", ""english"": ""my friend"", ""tone"": ""falling""}, {""thai"": ""ไม่"", ""english"": ""not"", ""tone"": ""falling""}, {""thai"": ""ใช้"", ""english"": ""use"", ""tone"": ""high""}, {""thai"": ""คอมพิวเตอร์"", ""english"": ""a computer"", ""tone"": ""mid""}]",easy
negative-mai,แม่ไม่ดูหนัง,mae mai du nang,Mom doesn't watch a movie,"[{""thai"": ""แม่"", ""english"": ""mom"", ""tone"": ""falling""}, {""thai"": ""ไม่"", ""english"": ""not"", ""tone"": ""falling""}, {""thai"": ""ดู"", ""english"": ""watch"", ""tone"": ""mid""}, {""thai"": ""หนัง"", ""english"": ""a movie"", ""tone"": ""mid""}]",easy
negative-mai,ผมไม่กินข้าว,phom mai gin khao,I don't eat rice,"[{""thai"": ""ผม"", ""english"": ""i"", ""tone"": ""rising""}, {""thai"": ""ไม่"", ""english"": ""not"", ""tone"": ""falling""}, {""thai"": ""กิน"", ""english"": ""eat"", ""tone"": ""mid""}, {""thai"": ""ข้าว"", ""english"": ""rice"", ""tone"": ""falling""}]",easy
negative-mai,เด็กไม่อ่านข่าว,dek mai an khao,The child doesn't read the news,"[{""thai"": ""เด็ก"", ""english"": ""the child"", ""tone"": ""low""}, {""thai"": ""ไม่"", ""english"": ""not"", ""tone"": ""falling""}, {""thai"": ""อ่าน"", ""english"": ""read"", ""tone"": ""low""}, {""thai"": ""ข่าว"", ""english"": ""the news"", ""tone"": ""low""}]",easy
negative-mai,เขาไม่ชอบปลา,khao mai chop pla,He doesn't like fish,"[{""thai"": ""เขา"", ""english"": ""he"", ""tone"": ""mid""}, {""thai"": ""ไม่"", ""english"": ""not"", ""tone"": ""falling""}, {""thai"": ""ชอบ"", ""english"": ""like"", ""tone"": ""falling""}, {""thai"": ""ปลา"", ""english"": ""fish"", ""tone"": ""mid""}]",easy
negative-mai,แม่ไม่ชอบปลา,mae mai chop pla,Mom doesn't like fish,"[{""thai"": ""แม่"", ""english"": ""mom"", ""tone"": ""falling""}, {""thai"": ""ไม่"", ""english"": ""not"", ""tone"": ""falling""}, {""thai"": ""ชอบ"", ""english"": ""like"", ""tone"": ""falling""}, {""thai"": ""ปลา"", ""english"": ""fish"", ""tone"": ""mid""}]",easy
negative-mai,ผมไม่ดื่มเบียร์,phom mai duem bia,I don't drink beer,"[{""thai"": ""ผม"", ""english"": ""i"", ""tone"": ""rising""}, {""thai"": ""ไม่"", ""english"": ""not"", ""tone"": ""falling""}, {""thai"": ""ดื่ม"", ""english"": ""drink"", ""tone"": ""low""}, {""thai"": ""เบียร์"", ""english"": ""beer"", ""tone"": ""mid""}]",easy
negative-mai,นักเรียนไม่ซื้อผลไม้,nakrian mai sue phonlamai,The student doesn't buy fruit,"[{""thai"": ""นักเรียน"", ""english"": ""the student"", ""tone"": ""high""}, {""thai"": ""ไม่"", ""english"": ""not"", ""tone"": ""falling""}, {""thai"": ""ซื้อ"", ""english"": ""buy"", ""tone"": ""high""}, {""thai"": ""ผลไม้"", ""english"": ""fruit"", ""tone"": ""mid""}]",easy
negative-mai,เธอไม่อ่านหนังสือ,thoe mai an nangsue,She doesn't read a book,"[{""thai"": ""เธอ"", ""english"": ""she"", ""tone"": ""mid""}, {""thai"": ""ไม่"", ""english"": ""not"", ""tone"": ""falling""}, {""thai"": ""อ่าน"", ""english"": ""read"", ""tone"": ""low""}, {""thai"": ""หนังสือ"", ""english"": ""a book"", ""tone"": ""low""}]",easy
negative-mai,เพื่อนไม่ดื่มนม,phuean mai duem nom,My friend doesn't drink milk,"[{""thai"": ""เพื่อน"", ""english"": ""my friend"", ""tone"": ""falling""}, {""thai"": ""ไม่"", ""english"": ""not"", ""tone"": ""falling""}, {""thai"": ""ดื่ม"", ""english"": ""drink"", ""tone"": ""low""}, {""thai"": ""นม"", ""english"": ""milk"", ""tone"": ""mid""}]",easy
negative-mai,เด็กไม่ดูฟุตบอล,dek mai du football,The child doesn't watch football,"[{""thai"": ""เด็ก"", ""english"": ""the child"", ""tone"": ""low""}, {""thai"": ""ไม่"", ""english"": ""not"", ""tone"": ""falling""}, {""thai"": ""ดู"", ""english"": ""watch"", ""tone"": ""mid""}, {""thai"": ""ฟุตบอล"", ""english"": ""football"", ""tone"": ""mid""}]",easy
negative-mai,เขาไม่ดื่มกาแฟ,khao mai duem kafae,He doesn't drink coffee,"[{""thai"": ""เขา"", ""english"": ""he"", ""tone"": ""mid""}, {""thai"": ""ไม่"", ""english"": ""not"", ""tone"": ""falling""}, {""thai"": ""ดื่ม"", ""english"": ""drink"", ""tone"": ""low""}, {""thai"": ""กาแฟ"", ""english"": ""coffee"", ""tone"": ""mid""}]",easy
negative-mai,ฉันไม่ใช้คอมพิวเตอร์,chan mai chai khomphiwtoe,I don't use a computer,"[{""thai"": ""ฉัน"", ""english"": ""i"", ""tone"": ""rising""}, {""thai"": ""ไม่"", ""english"": ""not"", ""tone"": ""falling""}, {""thai"": ""ใช้"", ""english"": ""use"", ""tone"": ""high""}, {""thai"": ""คอมพิวเตอร์"", ""english"": ""a computer"", ""tone"": ""mid""}]",easy
negative-mai,พ่อไม่ทำอาหาร,pho mai tham ahan,Dad doesn't make food,"[{""thai"": ""พ่อ"", ""english"": ""dad"", ""tone"": ""falling""}, {""thai"": ""ไม่"", ""english"": ""not"", ""tone"": ""falling""}, {""thai"": ""ทำ"", ""english"": ""make"", ""tone"": ""mid""}, {""thai"": ""อาหาร"", ""english"": ""food"", ""tone"": ""mid""}]",easy
negative-mai,ครูไม่ซื้อผัก,khru mai sue phak,The teacher doesn't buy vegetables,"[{""thai"": ""ครู"", ""english"": ""the teacher"", ""tone"": ""mid""}, {""thai"": ""ไม่"", ""english"": ""not"", ""tone"": ""falling""}, {""thai"": ""ซื้อ"", ""english"": ""buy"", ""tone"": ""high""}, {""thai"": ""ผัก"", ""english"": ""vegetables"", ""tone"": ""high""}]",easy
negative-mai,ผมไม่ไปโรงเรียน,phom mai pai rongrian,I don't go to school,"[{""thai"": ""ผม"", ""english"": ""i"", ""tone"": ""rising""}, {""thai"": ""ไม่"", ""english"": ""not"", ""tone"": ""falling""}, {""thai"": ""ไป"", ""english"": ""go to"", ""tone"": ""mid""}, {""thai"": ""โรงเรียน"", ""english"": ""school"", ""tone"": ""mid""}]",easy
negative-mai,แม่ไม่ดื่มกาแฟ,mae mai duem kafae,Mom doesn't drink coffee,"[{""thai"": ""แม่"", ""english"": ""mom"", ""tone"": ""falling""}, {""thai"": ""ไม่"", ""english"": ""not"", ""tone"": ""falling""}, {""thai"": ""ดื่ม"", ""english"": ""drink"", ""tone"": ""low""}, {""thai"": ""กาแฟ"", ""english"": ""coffee"", ""tone"": ""mid""}]",easy
negative-mai,เธอไม่ใช้โทรศัพท์,thoe mai chai thorasaap,She doesn't use a phone,"[{""thai"": ""เธอ"", ""english"": ""she"", ""tone"": ""mid""}, {""thai"": ""ไม่"", ""english"": ""not"", ""tone"": ""falling""}, {""thai"": ""ใช้"", ""english"": ""use"", ""tone"": ""high""}, {""thai"": ""โทรศัพท์"", ""english"": ""a phone"", ""tone"": ""mid""}]",easy
negative-mai,พ่อไม่ชอบฟุตบอล,pho mai chop football,Dad doesn't like football,"[{""thai"": ""พ่อ"", ""english"": ""dad"", ""tone"": ""falling""}, {""thai"": ""ไม่"", ""english"": ""not"", ""tone"": ""falling""}, {""thai"": ""ชอบ"", ""english"": ""like"", ""tone"": ""falling""}, {""thai"": ""ฟุตบอล"", ""english"": ""football"", ""tone"": ""mid""}]",easy
negative-mai,ผมไม่อ่านหนังสือพิมพ์,phom mai an nangsuephim,I don't read the newspaper,"[{""thai"": ""ผม"", ""english"": ""i"", ""tone"": ""rising""}, {""thai"": ""ไม่"", ""english"": ""not"", ""tone"": ""falling""}, {""thai"": ""อ่าน"", ""english"": ""read"", ""tone"": ""low""}, {""thai"": ""หนังสือพิมพ์"", ""english"": ""the newspaper"", ""tone"": ""low""}]",easy
negative-mai,ฉันไม่ดื่มนม,chan mai duem nom,I don't drink milk,"[{""thai"": ""ฉัน"", ""english"": ""i"", ""tone"": ""rising""}, {""thai"": ""ไม่"", ""english"": ""not"", ""tone"": ""falling""}, {""thai"": ""ดื่ม"", ""english"": ""drink"", ""tone"": ""low""}, {""thai"": ""นม"", ""english"": ""milk"", ""tone"": ""mid""}]",easy
negative-mai,พวกเขาไม่ชอบข้าว,phuak khao mai chop khao,They don't like rice,"[{""thai"": ""พวกเขา"", ""english"": ""they"", ""tone"": ""mid""}, {""thai"": ""ไม่"", ""english"": ""not"", ""tone"": ""falling""}, {""thai"": ""ชอบ"", ""english"": ""like"", ""tone"": ""falling""}, {""thai"": ""ข้าว"", ""english"": ""rice"", ""tone"": ""falling""}]",easy
negative-mai,แม่ไม่อ่านหนังสือ,mae mai an nangsue,Mom doesn't read a book,"[{""thai"": ""แม่"", ""english"": ""mom"", ""tone"": ""falling""}, {""thai"": ""ไม่"", ""english"": ""not"", ""tone"": ""falling""}, {""thai"": ""อ่าน"", ""english"": ""read"", ""tone"": ""low""}, {""thai"": ""หนังสือ"", ""english"": ""a book"", ""tone"": ""low""}]",easy
negative-mai,เขาไม่กินข้าว,khao mai gin khao,He doesn't eat rice,"[{""thai"": ""เขา"", ""english"": ""he"", ""tone"": ""mid""}, {""thai"": ""ไม่"", ""english"": ""not"", ""tone"": ""falling""}, {""thai"": ""กิน"", ""english"": ""eat"", ""tone"": ""mid""}, {""thai"": ""ข้าว"", ""english"": ""rice"", ""tone"": ""falling""}]",easy
negative-mai,ผมไม่ชอบฟุตบอล,phom mai chop football,I don't like football,"[{""thai"": ""ผม"", ""english"": ""i"", ""tone"": ""rising""}, {""thai"": ""ไม่"", ""english"": ""not"", ""tone"": ""falling""}, {""thai"": ""ชอบ"", ""english"": ""like"", ""tone"": ""falling""}, {""thai"": ""ฟุตบอล"", ""english"": ""football"", ""tone"": ""mid""}]",easy
negative-mai,ฉันไม่ชอบข้าว,chan mai chop khao,I don't like rice,"[{""thai"": ""ฉัน"", ""english"": ""i"", ""tone"": ""rising""}, {""thai"": ""ไม่"", ""english"": ""not"", ""tone"": ""falling""}, {""thai"": ""ชอบ"", ""english"": ""like"", ""tone"": ""falling""}, {""thai"": ""ข้าว"", ""english"": ""rice"", ""tone"": ""falling""}]",easy
negative-mai,ผมไม่ชอบกาแฟ,phom mai chop kafae,I don't like coffee,"[{""thai"": ""ผม"", ""english"": ""i"", ""tone"": ""rising""}, {""thai"": ""ไม่"", ""english"": ""not"", ""tone"": ""falling""}, {""thai"": ""ชอบ"", ""english"": ""like"", ""tone"": ""falling""}, {""thai"": ""กาแฟ"", ""english"": ""coffee"", ""tone"": ""mid""}]",easy
negative-mai,เราไม่เล่นเกม,rao mai len game,We don't play games,"[{""thai"": ""เรา"", ""english"": ""we"", ""tone"": ""mid""}, {""thai"": ""ไม่"", ""english"": ""not"", ""tone"": ""falling""}, {""thai"": ""เล่น"", ""english"": ""play"", ""tone"": ""low""}, {""thai"": ""เกม"", ""english"": ""games"", ""tone"": ""mid""}]",easy
negative-mai,เธอไม่กินเผ็ด,thoe mai gin phet,She doesn't eat spicy food,"[{""thai"": ""เธอ"", ""english"": ""she"", ""tone"": ""mid""}, {""thai"": ""ไม่"", ""english"": ""not"", ""tone"": ""falling""}, {""thai"": ""กิน"", ""english"": ""eat"", ""tone"": ""mid""}, {""thai"": ""เผ็ด"", ""english"": ""spicy food"", ""tone"": ""low""}]",easy
negative-mai,แม่ไม่ซื้อผลไม้,mae mai sue phonlamai,Mom doesn't buy fruit,"[{""thai"": ""แม่"", ""english"": ""mom"", ""tone"": ""falling""}, {""thai"": ""ไม่"", ""english"": ""not"", ""tone"": ""falling""}, {""thai"": ""ซื้อ"", ""english"": ""buy"", ""tone"": ""high""}, {""thai"": ""ผลไม้"", ""english"": ""fruit"", ""tone"": ""mid""}]",easy
negative-mai,เด็กไม่อ่านหนังสือพิมพ์,dek mai an nangsuephim,The child doesn't read the newspaper,"[{""thai"": ""เด็ก"", ""english"": ""the child"", ""tone"": ""low""}, {""thai"": ""ไม่"", ""english"": ""not"", ""tone"": ""falling""}, {""thai"": ""อ่าน"", ""english"": ""read"", ""tone"": ""low""}, {""thai"": ""หนังสือพิมพ์"", ""english"": ""the newspaper"", ""tone"": ""low""}]",easy
negative-mai,ครูไม่กินขนม,khru mai gin khanom,The teacher doesn't eat snacks,"[{""thai"": ""ครู"", ""english"": ""the teacher"", ""tone"": ""mid""}, {""thai"": ""ไม่"", ""english"": ""not"", ""tone"": ""falling""}, {""thai"": ""กิน"", ""english"": ""eat"", ""tone"": ""mid""}, {""thai"": ""ขนม"", ""english"": ""snacks"", ""tone"": ""mid""}]",easy
negative-mai,พ่อไม่ชอบกาแฟ,pho mai chop kafae,Dad doesn't like coffee,"[{""thai"": ""พ่อ"", ""english"": ""dad"", ""tone"": ""falling""}, {""thai"": ""ไม่"", ""english"": ""not"", ""tone"": ""falling""}, {""thai"": ""ชอบ"", ""english"": ""like"", ""tone"": ""falling""}, {""thai"": ""กาแฟ"", ""english"": ""coffee"", ""tone"": ""mid""}]",easy
negative-mai,นักเรียนไม่กินผลไม้,nakrian mai gin phonlamai,The student doesn't eat fruit,"[{""thai"": ""นักเรียน"", ""english"": ""the student"", ""tone"": ""high""}, {""thai"": ""ไม่"", ""english"": ""not"", ""tone"": ""falling""}, {""thai"": ""กิน"", ""english"": ""eat"", ""tone"": ""mid""}, {""thai"": ""ผลไม้"", ""english"": ""fruit"", ""tone"": ""mid""}]",easy
negative-mai,พวกเขาไม่ใช้คอมพิวเตอร์,phuak khao mai chai khomphiwtoe,They don't use a computer,"[{""thai"": ""พวกเขา"", ""english"": ""they"", ""tone"": ""mid""}, {""thai"": ""ไม่"", ""english"": ""not"", ""tone"": ""falling""}, {""thai"": ""ใช้"", ""english"": ""use"", ""tone"": ""high""}, {""thai"": ""คอมพิวเตอร์"", ""english"": ""a computer"", ""tone"": ""mid""}]",easy
negative-mai,ฉันไม่ดูทีวี,chan mai du thiwi,I don't watch TV,"[{""thai"": ""ฉัน"", ""english"": ""i"", ""tone"": ""rising""}, {""thai"": ""ไม่"", ""english"": ""not"", ""tone"": ""falling""}, {""thai"": ""ดู"", ""english"": ""watch"", ""tone"": ""mid""}, {""thai"": ""ทีวี"", ""english"": ""TV"", ""tone"": ""mid""}]",easy
negative-mai,เธอไม่ซื้อเสื้อ,thoe mai sue suea,She doesn't buy a shirt,"[{""thai"": ""เธอ"", ""english"": ""she"", ""tone"": ""mid""}, {""thai"": ""ไม่"", ""english"": ""not"", ""tone"": ""falling""}, {""thai"": ""ซื้อ"", ""english"": ""buy"", ""tone"": ""high""}, {""thai"": ""เสื้อ"", ""english"": ""a shirt"", ""tone"": ""falling""}]",easy
negative-mai,ครูไม่กินปลา,khru mai gin pla,The teacher doesn't eat fish,"[{""thai"": ""ครู"", ""english"": ""the teacher"", ""tone"": ""mid""}, {""thai"": ""ไม่"", ""english"": ""not"", ""tone"": ""falling""}, {""thai"": ""กิน"", ""english"": ""eat"", ""tone"": ""mid""}, {""thai"": ""ปลา"", ""english"": ""fish"", ""tone"": ""mid""}]",easy
negative-mai,เด็กไม่กินผัก,dek mai gin phak,The child doesn't eat vegetables,"[{""thai"": ""เด็ก"", ""english"": ""the child"", ""tone"": ""low""}, {""thai"": ""ไม่"", ""english"": ""not"", ""tone"": ""falling""}, {""thai"": ""กิน"", ""english"": ""eat"", ""tone"": ""mid""}, {""thai"": ""ผัก"", ""english"": ""vegetables"", ""tone"": ""high""}]",easy
negative-mai,เด็กไม่ซื้อผลไม้,dek mai sue phonlamai,The child doesn't buy fruit,"[{""thai"": ""เด็ก"", ""english"": ""the child"", ""tone"": ""low""}, {""thai"": ""ไม่"", ""english"": ""not"", ""tone"": ""falling""}, {""thai"": ""ซื้อ"", ""english"": ""buy"", ""tone"": ""high""}, {""thai"": ""ผลไม้"", ""english"": ""fruit"", ""tone"": ""mid""}]",easy
negative-mai,เด็กไม่ชอบหนัง,dek mai chop nang,The child doesn't like movies,"[{""thai"": ""เด็ก"", ""english"": ""the child"", ""tone"": ""low""}, {""thai"": ""ไม่"", ""english"": ""not"", ""tone"": ""falling""}, {""thai"": ""ชอบ"", ""english"": ""like"", ""tone"": ""falling""}, {""thai"": ""หนัง"", ""english"": ""movies"", ""tone"": ""mid""}]",easy
negative-mai,ครูไม่กินข้าว,khru mai gin khao,The teacher doesn't eat rice,"[{""thai"": ""ครู"", ""english"": ""the teacher"", ""tone"": ""mid""}, {""thai"": ""ไม่"", ""english"": ""not"", ""tone"": ""falling""}, {""thai"": ""กิน"", ""english"": ""eat"", ""tone"": ""mid""}, {""thai"": ""ข้าว"", ""english"": ""rice"", ""tone"": ""falling""}]",easy
negative-mai,พ่อไม่กินเผ็ด,pho mai gin phet,Dad doesn't eat spicy food,"[{""thai"": ""พ่อ"", ""english"": ""dad"", ""tone"": ""falling""}, {""thai"": ""ไม่"", ""english"": ""not"", ""tone"": ""falling""}, {""thai"": ""กิน"", ""english"": ""eat"", ""tone"": ""mid""}, {""thai"": ""เผ็ด"", ""english"": ""spicy food"", ""tone"": ""low""}]",easy
negative-mai,เธอไม่ชอบข้าว,thoe mai chop khao,She doesn't like rice,"[{""thai"": ""เธอ"", ""english"": ""she"", ""tone"": ""mid""}, {""thai"": ""ไม่"", ""english"": ""not"", ""tone"": ""falling""}, {""thai"": ""ชอบ"", ""english"": ""like"", ""tone"": ""falling""}, {""thai"": ""ข้าว"", ""english"": ""rice"", ""tone"": ""falling""}]",easy
negative-mai,เด็กไม่ทำอาหาร,dek mai tham ahan,The child doesn't make food,"[{""thai"": ""เด็ก"", ""english"": ""the child"", ""tone"": ""low""}, {""thai"": ""ไม่"", ""english"": ""not"", ""tone"": ""falling""}, {""thai"": ""ทำ"", ""english"": ""make"", ""tone"": ""mid""}, {""thai"": ""อาหาร"", ""english"": ""food"", ""tone"": ""mid""}]",easy
negative-mai,เราไม่ดื่มน้ำ,rao mai duem nam,We don't drink water,"[{""thai"": ""เรา"", ""english"": ""we"", ""tone"": ""mid""}, {""thai"": ""ไม่"", ""english"": ""not"", ""tone"": ""falling""}, {""thai"": ""ดื่ม"", ""english"": ""drink"", ""tone"": ""low""}, {""thai"": ""น้ำ"", ""english"": ""water"", ""tone"": ""high""}]",easy
negative-mai,เราไม่ซื้อผลไม้,rao mai sue phonlamai,We don't buy fruit,"[{""thai"": ""เรา"", ""english"": ""we"", ""tone"": ""mid""}, {""thai"": ""ไม่"", ""english"": ""not"", ""tone"": ""falling""}, {""thai"": ""ซื้อ"", ""english"": ""buy"", ""tone"": ""high""}, {""thai"": ""ผลไม้"", ""english"": ""fruit"", ""tone"": ""mid""}]",easy
negative-mai,ฉันไม่อ่านข่าว,chan mai an khao,I don't read the news,"[{""thai"": ""ฉัน"", ""english"": ""i"", ""tone"": ""rising""}, {""thai"": ""ไม่"", ""english"": ""not"", ""tone"": ""falling""}, {""thai"": ""อ่าน"", ""english"": ""read"", ""tone"": ""low""}, {""thai"": ""ข่าว"", ""english"": ""the news"", ""tone"": ""low""}]",easy
negative-mai,ผมไม่ซื้ออาหาร,phom mai sue ahan,I don't buy food,"[{""thai"": ""ผม"", ""english"": ""i"", ""tone"": ""rising""}, {""thai"": ""ไม่"", ""english"": ""not"", ""tone"": ""falling""}, {""thai"": ""ซื้อ"", ""english"": ""buy"", ""tone"": ""high""}, {""thai"": ""อาหาร"", ""english"": ""food"", ""tone"": ""mid""}]",easy
negative-mai,ผมไม่ชอบหนัง,phom mai chop nang,I don't like movies,"[{""thai"": ""ผม"", ""english"": ""i"", ""tone"": ""rising""}, {""thai"": ""ไม่"", ""english"": ""not"", ""tone"": ""falling""}, {""thai"": ""ชอบ"", ""english"": ""like"", ""tone"": ""falling""}, {""thai"": ""หนัง"", ""english"": ""movies"", ""tone"": ""mid""}]",easy
negative-mai,นักเรียนไม่ซื้อเสื้อ,nakrian mai sue suea,The student doesn't buy a shirt,"[{""thai"": ""นักเรียน"", ""english"": ""the student"", ""tone"": ""high""}, {""thai"": ""ไม่"", ""english"": ""not"", ""tone"": ""falling""}, {""thai"": ""ซื้อ"", ""english"": ""buy"", ""tone"": ""high""}, {""thai"": ""เสื้อ"", ""english"": ""a shirt"", ""tone"": ""falling""}]",easy
negative-mai,ผมไม่กินผัก,phom mai gin phak,I don't eat vegetables,"[{""thai"": ""ผม"", ""english"": ""i"", ""tone"": ""rising""}, {""thai"": ""ไม่"", ""english"": ""not"", ""tone"": ""falling""}, {""thai"": ""กิน"", ""english"": ""eat"", ""tone"": ""mid""}, {""thai"": ""ผัก"", ""english"": ""vegetables"", ""tone"": ""high""}]",easy
negative-mai,เราไม่ดื่มเบียร์,rao mai duem bia,We don't drink beer,"[{""thai"": ""เรา"", ""english"": ""we"", ""tone"": ""mid""}, {""thai"": ""ไม่"", ""english"": ""not"", ""tone"": ""falling""}, {""thai"": ""ดื่ม"", ""english"": ""drink"", ""tone"": ""low""}, {""thai"": ""เบียร์"", ""english"": ""beer"", ""tone"": ""mid""}]",easy
negative-mai,เพื่อนไม่ชอบปลา,phuean mai chop pla,My friend doesn't like fish,"[{""thai"": ""เพื่อน"", ""english"": ""my friend"", ""tone"": ""falling""}, {""thai"": ""ไม่"", ""english"": ""not"", ""tone"": ""falling""}, {""thai"": ""ชอบ"", ""english"": ""like"", ""tone"": ""falling""}, {""thai"": ""ปลา"", ""english"": ""fish"", ""tone"": ""mid""}]",easy
negative-mai,แม่ไม่กินผลไม้,mae mai gin phonlamai,Mom doesn't eat fruit,"[{""thai"": ""แม่"", ""english"": ""mom"", ""tone"": ""falling""}, {""thai"": ""ไม่"", ""english"": ""not"", ""tone"": ""falling""}, {""thai"": ""กิน"", ""english"": ""eat"", ""tone"": ""mid""}, {""thai"": ""ผลไม้"", ""english"": ""fruit"", ""tone"": ""mid""}]",easy
negative-mai,นักเรียนไม่ดื่มนม,nakrian mai duem nom,The student doesn't drink milk,"[{""thai"": ""นักเรียน"", ""english"": ""the student"", ""tone"": ""high""}, {""thai"": ""ไม่"", ""english"": ""not"", ""tone"": ""falling""}, {""thai"": ""ดื่ม"", ""english"": ""drink"", ""tone"": ""low""}, {""thai"": ""นม"", ""english"": ""milk"", ""tone"": ""mid""}]",easy
negative-mai,พวกเขาไม่กินผัก,phuak khao mai gin phak,They don't eat vegetables,"[{""thai"": ""พวกเขา"", ""english"": ""they"", ""tone"": ""mid""}, {""thai"": ""ไม่"", ""english"": ""not"", ""tone"": ""falling""}, {""thai"": ""กิน"", ""english"": ""eat"", ""tone"": ""mid""}, {""thai"": ""ผัก"", ""english"": ""vegetables"", ""tone"": ""high""}]",easy
negative-mai,ผมไม่ไปตลาด,phom mai pai talat,I don't go to the market,"[{""thai"": ""ผม"", ""english"": ""i"", ""tone"": ""rising""}, {""thai"": ""ไม่"", ""english"": ""not"", ""tone"": ""falling""}, {""thai"": ""ไป"", ""english"": ""go to"", ""tone"": ""mid""}, {""thai"": ""ตลาด"", ""english"": ""the market"", ""tone"": ""low""}]",easy
negative-mai,เขาไม่เล่นเกม,khao mai len game,He doesn't play games,"[{""thai"": ""เขา"", ""english"": ""he"", ""tone"": ""mid""}, {""thai"": ""ไม่"", ""english"": ""not"", ""tone"": ""falling""}, {""thai"": ""เล่น"", ""english"": ""play"", ""tone"": ""low""}, {""thai"": ""เกม"", ""english"": ""games"", ""tone"": ""mid""}]",easy
negative-mai,เด็กไม่ดื่มชา,dek mai duem cha,The child doesn't drink tea,"[{""thai"": ""เด็ก"", ""english"": ""the child"", ""tone"": ""low""}, {""thai"": ""ไม่"", ""english"": ""not"", ""tone"": ""falling""}, {""thai"": ""ดื่ม"", ""english"": ""drink"", ""tone"": ""low""}, {""thai"": ""ชา"", ""english"": ""tea"", ""tone"": ""mid""}]",easy
negative-mai,เขาไม่ดูหนัง,khao mai du nang,He doesn't watch a movie,"[{""thai"": ""เขา"", ""english"": ""he"", ""tone"": ""mid""}, {""thai"": ""ไม่"", ""english"": ""not"", ""tone"": ""falling""}, {""thai"": ""ดู"", ""english"": ""watch"", ""tone"": ""mid""}, {""thai"": ""หนัง"", ""english"": ""a movie"", ""tone"": ""mid""}]",easy
negative-mai,พ่อไม่ชอบข้าว,pho mai chop khao,Dad doesn't like rice,"[{""thai"": ""พ่อ"", ""english"": ""dad"", ""tone"": ""falling""}, {""thai"": ""ไม่"", ""english"": ""not"", ""tone"": ""falling""}, {""thai"": ""ชอบ"", ""english"": ""like"", ""tone"": ""falling""}, {""thai"": ""ข้าว"", ""english"": ""rice"", ""tone"": ""falling""}]",easy
negative-mai,พ่อไม่กินปลา,pho mai gin pla,Dad doesn't eat fish,"[{""thai"": ""พ่อ"", ""english"": ""dad"", ""tone"": ""falling""}, {""thai"": ""ไม่"", ""english"": ""not"", ""tone"": ""falling""}, {""thai"": ""กิน"", ""english"": ""eat"", ""tone"": ""mid""}, {""thai"": ""ปลา"", ""english"": ""fish"", ""tone"": ""mid""}]",easy
negative-mai,แม่ไม่ใช้คอมพิวเตอร์,mae mai chai khomphiwtoe,Mom doesn't use a computer,"[{""thai"": ""แม่"", ""english"": ""mom"", ""tone"": ""falling""}, {""thai"": ""ไม่"", ""english"": ""not"", ""tone"": ""falling""}, {""thai"": ""ใช้"", ""english"": ""use"", ""tone"": ""high""}, {""thai"": ""คอมพิวเตอร์"", ""english"": ""a computer"", ""tone"": ""mid""}]",easy
negative-mai,ครูไม่ดูทีวี,khru mai du thiwi,The teacher doesn't watch TV,"[{""thai"": ""ครู"", ""english"": ""the teacher"", ""tone"": ""mid""}, {""thai"": ""ไม่"", ""english"": ""not"", ""tone"": ""falling""}, {""thai"": ""ดู"", ""english"": ""watch"", ""tone"": ""mid""}, {""thai"": ""ทีวี"", ""english"": ""TV"", ""tone"": ""mid""}]",easy
negative-mai,เด็กไม่กินปลา,dek mai gin pla,The child doesn't eat fish,"[{""thai"": ""เด็ก"", ""english"": ""the child"", ""tone"": ""low""}, {""thai"": ""ไม่"", ""english"": ""not"", ""tone"": ""falling""}, {""thai"": ""กิน"", ""english"": ""eat"", ""tone"": ""mid""}, {""thai"": ""ปลา"", ""english"": ""fish"", ""tone"": ""mid""}]",easy
negative-mai,พ่อไม่ชอบหนัง,pho mai chop nang,Dad doesn't like movies,"[{""thai"": ""พ่อ"", ""english"": ""dad"", ""tone"": ""falling""}, {""thai"": ""ไม่"", ""english"": ""not"", ""tone"": ""falling""}, {""thai"": ""ชอบ"", ""english"": ""like"", ""tone"": ""falling""}, {""thai"": ""หนัง"", ""english"": ""movies"", ""tone"": ""mid""}]",easy
negative-mai,พ่อไม่ซื้อผลไม้,pho mai sue phonlamai,Dad doesn't buy fruit,"[{""thai"": ""พ่อ"", ""english"": ""dad"", ""tone"": ""falling""}, {""thai"": ""ไม่"", ""english"": ""not"", ""tone"": ""falling""}, {""thai"": ""ซื้อ"", ""english"": ""buy"", ""tone"": ""high""}, {""thai"": ""ผลไม้"", ""english"": ""fruit"", ""tone"": ""mid""}]",easy
negative-mai,ผมไม่กินก๋วยเตี๋ยว,phom mai gin kuaitiao,I don't eat noodles,"[{""thai"": ""ผม"", ""english"": ""i"", ""tone"": ""rising""}, {""thai"": ""ไม่"", ""english"": ""not"", ""tone"": ""falling""}, {""thai"": ""กิน"", ""english"": ""eat"", ""tone"": ""mid""}, {""thai"": ""ก๋วยเตี๋ยว"", ""english"": ""noodles"", ""tone"": ""low""}]",easy
negative-mai,พ่อไม่ชอบปลา,pho mai chop pla,Dad doesn't like fish,"[{""thai"": ""พ่อ"", ""english"": ""dad"", ""tone"": ""falling""}, {""thai"": ""ไม่"", ""english"": ""not"", ""tone"": ""falling""}, {""thai"": ""ชอบ"", ""english"": ""like"", ""tone"": ""falling""}, {""thai"": ""ปลา"", ""english"": ""fish"", ""tone"": ""mid""}]",easy
negative-mai,พวกเขาไม่กินขนม,phuak khao mai gin khanom,They don't eat snacks,"[{""thai"": ""พวกเขา"", ""english"": ""they"", ""tone"": ""mid""}, {""thai"": ""ไม่"", ""english"": ""not"", ""tone"": ""falling""}, {""thai"": ""กิน"", ""english"": ""eat"", ""tone"": ""mid""}, {""thai"": ""ขนม"", ""english"": ""snacks"", ""tone"": ""mid""}]",easy
negative-mai,นักเรียนไม่กินผัก,nakrian mai gin phak,The student doesn't eat vegetables,"[{""thai"": ""นักเรียน"", ""english"": ""the student"", ""tone"": ""high""}, {""thai"": ""ไม่"", ""english"": ""not"", ""tone"": ""falling""}, {""thai"": ""กิน"", ""english"": ""eat"", ""tone"": ""mid""}, {""thai"": ""ผัก"", ""english"": ""vegetables"", ""tone"": ""high""}]",easy
negative-mai,พ่อไม่ไปโรงเรียน,pho mai pai rongrian,Dad doesn't go to school,"[{""thai"": ""พ่อ"", ""english"": ""dad"", ""tone"": ""falling""}, {""thai"": ""ไม่"", ""english"": ""not"", ""tone"": ""falling""}, {""thai"": ""ไป"", ""english"": ""go to"", ""tone"": ""mid""}, {""thai"": ""โรงเรียน"", ""english"": ""school"", ""tone"": ""mid""}]",easy
negative-mai,ครูไม่อ่านหนังสือ,khru mai an nangsue,The teacher doesn't read a book,"[{""thai"": ""ครู"", ""english"": ""the teacher"", ""tone"": ""mid""}, {""thai"": ""ไม่"", ""english"": ""not"", ""tone"": ""falling""}, {""thai"": ""อ่าน"", ""english"": ""read"", ""tone"": ""low""}, {""thai"": ""หนังสือ"", ""english"": ""a book"", ""tone"": ""low""}]",easy
negative-mai,นักเรียนไม่ชอบเผ็ด,nakrian mai chop phet,The student doesn't like spicy food,"[{""thai"": ""นักเรียน"", ""english"": ""the student"", ""tone"": ""high""}, {""thai"": ""ไม่"", ""english"": ""not"", ""tone"": ""falling""}, {""thai"": ""ชอบ"", ""english"": ""like"", ""tone"": ""falling""}, {""thai"": ""เผ็ด"", ""english"": ""spicy food"", ""tone"": ""low""}]",easy
negative-mai,พวกเขาไม่อ่านข่าว,phuak khao mai an khao,They don't read the news,"[{""thai"": ""พวกเขา"", ""english"": ""they"", ""tone"": ""mid""}, {""thai"": ""ไม่"", ""english"": ""not"", ""tone"": ""falling""}, {""thai"": ""อ่าน"", ""english"": ""read"", ""tone"": ""low""}, {""thai"": ""ข่าว"", ""english"": ""the news"", ""tone"": ""low""}]",easy
negative-mai,นักเรียนไม่ชอบปลา,nakrian mai chop pla,The student doesn't like fish,"[{""thai"": ""นักเรียน"", ""english"": ""the student"", ""tone"": ""high""}, {""thai"": ""ไม่"", ""english"": ""not"", ""tone"": ""falling""}, {""thai"": ""ชอบ"", ""english"": ""like"", ""tone"": ""falling""}, {""thai"": ""ปลา"", ""english"": ""fish"", ""tone"": ""mid""}]",easy
negative-mai,เขาไม่ชอบหนัง,khao mai chop nang,He doesn't like movies,"[{""thai"": ""เขา"", ""english"": ""he"", ""tone"": ""mid""}, {""thai"": ""ไม่"", ""english"": ""not"", ""tone"": ""falling""}, {""thai"": ""ชอบ"", ""english"": ""like"", ""tone"": ""falling""}, {""thai"": ""หนัง"", ""english"": ""movies"", ""tone"": ""mid""}]",easy
negative-mai,ฉันไม่ซื้อผัก,chan mai sue phak,I don't buy vegetables,"[{""thai"": ""ฉัน"", ""english"": ""i"", ""tone"": ""rising""}, {""thai"": ""ไม่"", ""english"": ""not"", ""tone"": ""falling""}, {""thai"": ""ซื้อ"", ""english"": ""buy"", ""tone"": ""high""}, {""thai"": ""ผัก"", ""english"": ""vegetables"", ""tone"": ""high""}]",easy
negative-mai,เราไม่ชอบเผ็ด,rao mai chop phet,We don't like spicy food,"[{""thai"": ""เรา"", ""english"": ""we"", ""tone"": ""mid""}, {""thai"": ""ไม่"", ""english"": ""not"", ""tone"": ""falling""}, {""thai"": ""ชอบ"", ""english"": ""like"", ""tone"": ""falling""}, {""thai"": ""เผ็ด"", ""english"": ""spicy food"", ""tone"": ""low""}]",easy
negative-mai,เธอไม่กินก๋วยเตี๋ยว,thoe mai gin kuaitiao,She doesn't eat noodles,"[{""thai"": ""เธอ"", ""english"": ""she"", ""tone"": ""mid""}, {""thai"": ""ไม่"", ""english"": ""not"", ""tone"": ""falling""}, {""thai"": ""กิน"", ""english"": ""eat"", ""tone"": ""mid""}, {""thai"": ""ก๋วยเตี๋ยว"", ""english"": ""noodles"", ""tone"": ""low""}]",easy
negative-mai,เด็กไม่ไปโรงเรียน,dek mai pai rongrian,The child doesn't go to school,"[{""thai"": ""เด็ก"", ""english"": ""the child"", ""tone"": ""low""}, {""thai"": ""ไม่"", ""english"": ""not"", ""tone"": ""falling""}, {""thai"": ""ไป"", ""english"": ""go to"", ""tone"": ""mid""}, {""thai"": ""โรงเรียน"", ""english"": ""school"", ""tone"": ""mid""}]",easy
negative-mai,พวกเขาไม่ดื่มกาแฟ,phuak khao mai duem kafae,They don't drink coffee,"[{""thai"": ""พวกเขา"", ""english"": ""they"", ""tone"": ""mid""}, {""thai"": ""ไม่"", ""english"": ""not"", ""tone"": ""falling""}, {""thai"": ""ดื่ม"", ""english"": ""drink"", ""tone"": ""low""}, {""thai"": ""กาแฟ"", ""english"": ""coffee"", ""tone"": ""mid""}]",easy
negative-mai,พ่อไม่ดื่มชา,pho mai duem cha,Dad doesn't drink tea,"[{""thai"": ""พ่อ"", ""english"": ""dad"", ""tone"": ""falling""}, {""thai"": ""ไม่"", ""english"": ""not"", ""tone"": ""falling""}, {""thai"": ""ดื่ม"", ""english"": ""drink"", ""tone"": ""low""}, {""thai"": ""ชา"", ""english"": ""tea"", ""tone"": ""mid""}]",easy
negative-mai,แม่ไม่ชอบฟุตบอล,mae mai chop football,Mom doesn't like football,"[{""thai"": ""แม่"", ""english"": ""mom"", ""tone"": ""falling""}, {""thai"": ""ไม่"", ""english"": ""not"", ""tone"": ""falling""}, {""thai"": ""ชอบ"", ""english"": ""like"", ""tone"": ""falling""}, {""thai"": ""ฟุตบอล"", ""english"": ""football"", ""tone"": ""mid""}]",easy
negative-mai,นักเรียนไม่ชอบข้าว,nakrian mai chop khao,The student doesn't like rice,"[{""thai"": ""นักเรียน"", ""english"": ""the student"", ""tone"": ""high""}, {""thai"": ""ไม่"", ""english"": ""not"", ""tone"": ""falling""}, {""thai"": ""ชอบ"", ""english"": ""like"", ""tone"": ""falling""}, {""thai"": ""ข้าว"", ""english"": ""rice"", ""tone"": ""falling""}]",easy
negative-mai,เพื่อนไม่ใช้โทรศัพท์,phuean mai chai thorasaap,My friend doesn't use a phone,"[{""thai"": ""เพื่อน"", ""english"": ""my friend"", ""tone"": ""falling""}, {""thai"": ""ไม่"", ""english"": ""not"", ""tone"": ""falling""}, {""thai"": ""ใช้"", ""english"": ""use"", ""tone"": ""high""}, {""thai"": ""โทรศัพท์"", ""english"": ""a phone"", ""tone"": ""mid""}]",easy
negative-mai,พ่อไม่ซื้ออาหาร,pho mai sue ahan,Dad doesn't buy food,"[{""thai"": ""พ่อ"", ""english"": ""dad"", ""tone"": ""falling""}, {""thai"": ""ไม่"", ""english"": ""not"", ""tone"": ""falling""}, {""thai"": ""ซื้อ"", ""english"": ""buy"", ""tone"": ""high""}, {""thai"": ""อาหาร"", ""english"": ""food"", ""tone"": ""mid""}]",easy
negative-mai,พวกเขาไม่เล่นฟุตบอล,phuak khao mai len football,They don't play football,"[{""thai"": ""พวกเขา"", ""english"": ""they"", ""tone"": ""mid""}, {""thai"": ""ไม่"", ""english"": ""not"", ""tone"": ""falling""}, {""thai"": ""เล่น"", ""english"": ""play"", ""tone"": ""low""}, {""thai"": ""ฟุตบอล"", ""english"": ""football"", ""tone"": ""mid""}]",easy
negative-mai,แม่ไม่ซื้ออาหาร,mae mai sue ahan,Mom doesn't buy food,"[{""thai"": ""แม่"", ""english"": ""mom"", ""tone"": ""falling""}, {""thai"": ""ไม่"", ""english"": ""not"", ""tone"": ""falling""}, {""thai"": ""ซื้อ"", ""english"": ""buy"", ""tone"": ""high""}, {""thai"": ""อาหาร"", ""english"": ""food"", ""tone"": ""mid""}]",easy
negative-mai,ฉันไม่ทำอาหาร,chan mai tham ahan,I don't make food,"[{""thai"": ""ฉัน"", ""english"": ""i"", ""tone"": ""rising""}, {""thai"": ""ไม่"", ""english"": ""not"", ""tone"": ""falling""}, {""thai"": ""ทำ"", ""english"": ""make"", ""tone"": ""mid""}, {""thai"": ""อาหาร"", ""english"": ""food"", ""tone"": ""mid""}]",easy
negative-mai,แม่ไม่อ่านข่าว,mae mai an khao,Mom doesn't read the news,"[{""thai"": ""แม่"", ""english"": ""mom"", ""tone"": ""falling""}, {""thai"": ""ไม่"", ""english"": ""not"", ""tone"": ""falling""}, {""thai"": ""อ่าน"", ""english"": ""read"", ""tone"": ""low""}, {""thai"": ""ข่าว"", ""english"": ""the news"", ""tone"": ""low""}]",easy
negative-mai,พ่อไม่ดื่มน้ำ,pho mai duem nam,Dad doesn't drink water,"[{""thai"": ""พ่อ"", ""english"": ""dad"", ""tone"": ""falling""}, {""thai"": ""ไม่"", ""english"": ""not"", ""tone"": ""falling""}, {""thai"": ""ดื่ม"", ""english"": ""drink"", ""tone"": ""low""}, {""thai"": ""น้ำ"", ""english"": ""water"", ""tone"": ""high""}]",easy
negative-mai,เขาไม่ทำอาหาร,khao mai tham ahan,He doesn't make food,"[{""thai"": ""เขา"", ""english"": ""he"", ""tone"": ""mid""}, {""thai"": ""ไม่"", ""english"": ""not"", ""tone"": ""falling""}, {""thai"": ""ทำ"", ""english"": ""make"", ""tone"": ""mid""}, {""thai"": ""อาหาร"", ""english"": ""food"", ""tone"": ""mid""}]",easy
negative-mai,แม่ไม่กินขนม,mae mai gin khanom,Mom doesn't eat snacks,"[{""thai"": ""แม่"", ""english"": ""mom"", ""tone"": ""falling""}, {""thai"": ""ไม่"", ""english"": ""not"", ""tone"": ""falling""}, {""thai"": ""กิน"", ""english"": ""eat"", ""tone"": ""mid""}, {""thai"": ""ขนม"", ""english"": ""snacks"", ""tone"": ""mid""}]",easy
negative-mai,ฉันไม่ใช้โทรศัพท์,chan mai chai thorasaap,I don't use a phone,"[{""thai"": ""ฉัน"", ""english"": ""i"", ""tone"": ""rising""}, {""thai"": ""ไม่"", ""english"": ""not"", ""tone"": ""falling""}, {""thai"": ""ใช้"", ""english"": ""use"", ""tone"": ""high""}, {""thai"": ""โทรศัพท์"", ""english"": ""a phone"", ""tone"": ""mid""}]",easy
negative-mai,นักเรียนไม่ดื่มน้ำ,nakrian mai duem nam,The student doesn't drink water,"[{""thai"": ""นักเรียน"", ""english"": ""the student"", ""tone"": ""high""}, {""thai"": ""ไม่"", ""english"": ""not"", ""tone"": ""falling""}, {""thai"": ""ดื่ม"", ""english"": ""drink"", ""tone"": ""low""}, {""thai"": ""น้ำ"", ""english"": ""water"", ""tone"": ""high""}]",easy
negative-mai,เราไม่อ่านหนังสือพิมพ์,rao mai an nangsuephim,We don't read the newspaper,"[{""thai"": ""เรา"", ""english"": ""we"", ""tone"": ""mid""}, {""thai"": ""ไม่"", ""english"": ""not"", ""tone"": ""falling""}, {""thai"": ""อ่าน"", ""english"": ""read"", ""tone"": ""low""}, {""thai"": ""หนังสือพิมพ์"", ""english"": ""the newspaper"", ""tone"": ""low""}]",easy
negative-mai,พวกเขาไม่ไปโรงเรียน,phuak khao mai pai rongrian,They don't go to school,"[{""thai"": ""พวกเขา"", ""english"": ""they"", ""tone"": ""mid""}, {""thai"": ""ไม่"", ""english"": ""not"", ""tone"": ""falling""}, {""thai"": ""ไป"", ""english"": ""go to"", ""tone"": ""mid""}, {""thai"": ""โรงเรียน"", ""english"": ""school"", ""tone"": ""mid""}]",easy
negative-mai,นักเรียนไม่อ่านข่าว,nakrian mai an khao,The student doesn't read the news,"[{""thai"": ""นักเรียน"", ""english"": ""the student"", ""tone"": ""high""}, {""thai"": ""ไม่"", ""english"": ""not"", ""tone"": ""falling""}, {""thai"": ""อ่าน"", ""english"": ""read"", ""tone"": ""low""}, {""thai"": ""ข่าว"", ""english"": ""the news"", ""tone"": ""low""}]",easy
negative-mai,เพื่อนไม่ไปบ้าน,phuean mai pai ban,My friend doesn't go to home,"[{""thai"": ""เพื่อน"", ""english"": ""my friend"", ""tone"": ""falling""}, {""thai"": ""ไม่"", ""english"": ""not"", ""tone"": ""falling""}, {""thai"": ""ไป"", ""english"": ""go to"", ""tone"": ""mid""}, {""thai"": ""บ้าน"", ""english"": ""home"", ""tone"": ""falling""}]",easy
negative-mai,เพื่อนไม่ชอบฟุตบอล,phuean mai chop football,My friend doesn't like football,"[{""thai"": ""เพื่อน"", ""english"": ""my friend"", ""tone"": ""falling""}, {""thai"": ""ไม่"", ""english"": ""not"", ""tone"": ""falling""}, {""thai"": ""ชอบ"", ""english"": ""like"", ""tone"": ""falling""}, {""thai"": ""ฟุตบอล"", ""english"": ""football"", ""tone"": ""mid""}]",easy
negative-mai,เขาไม่ไปตลาด,khao mai pai talat,He doesn't go to the market,"[{""thai"": ""เขา"", ""english"": ""he"", ""tone"": ""mid""}, {""thai"": ""ไม่"", ""english"": ""not"", ""tone"": ""falling""}, {""thai"": ""ไป"", ""english"": ""go to"", ""tone"": ""mid""}, {""thai"": ""ตลาด"", ""english"": ""the market"", ""tone"": ""low""}]",easy
negative-mai,แม่ไม่ไปตลาด,mae mai pai talat,Mom doesn't go to the market,"[{""thai"": ""แม่"", ""english"": ""mom"", ""tone"": ""falling""}, {""thai"": ""ไม่"", ""english"": ""not"", ""tone"": ""falling""}, {""thai"": ""ไป"", ""english"": ""go to"", ""tone"": ""mid""}, {""thai"": ""ตลาด"", ""english"": ""the market"", ""tone"": ""low""}]",easy
negative-mai,เขาไม่อ่านข่าว,khao mai an khao,He doesn't read the news,"[{""thai"": ""เขา"", ""english"": ""he"", ""tone"": ""mid""}, {""thai"": ""ไม่"", ""english"": ""not"", ""tone"": ""falling""}, {""thai"": ""อ่าน"", ""english"": ""read"", ""tone"": ""low""}, {""thai"": ""ข่าว"", ""english"": ""the news"", ""tone"": ""low""}]",easy
negative-mai,พวกเขาไม่ไปบ้าน,phuak khao mai pai ban,They don't go to home,"[{""thai"": ""พวกเขา"", ""english"": ""they"", ""tone"": ""mid""}, {""thai"": ""ไม่"", ""english"": ""not"", ""tone"": ""falling""}, {""thai"": ""ไป"", ""english"": ""go to"", ""tone"": ""mid""}, {""thai"": ""บ้าน"", ""english"": ""home"", ""tone"": ""falling""}]",easy
negative-mai,เราไม่ซื้อเสื้อ,rao mai sue suea,We don't buy a shirt,"[{""thai"": ""เรา"", ""english"": ""we"", ""tone"": ""mid""}, {""thai"": ""ไม่"", ""english"": ""not"", ""tone"": ""falling""}, {""thai"": ""ซื้อ"", ""english"": ""buy"", ""tone"": ""high""}, {""thai"": ""เสื้อ"", ""english"": ""a shirt"", ""tone"": ""falling""}]",easy
negative-mai,พ่อไม่ซื้อผัก,pho mai sue phak,Dad doesn't buy vegetables,"[{""thai"": ""พ่อ"", ""english"": ""dad"", ""tone"": ""falling""}, {""thai"": ""ไม่"", ""english"": ""not"", ""tone"": ""falling""}, {""thai"": ""ซื้อ"", ""english"": ""buy"", ""tone"": ""high""}, {""thai"": ""ผัก"", ""english"": ""vegetables"", ""tone"": ""high""}]",easy
negative-mai,ครูไม่ดื่มชา,khru mai duem cha,The teacher doesn't drink tea,"[{""thai"": ""ครู"", ""english"": ""the teacher"", ""tone"": ""mid""}, {""thai"": ""ไม่"", ""english"": ""not"", ""tone"": ""falling""}, {""thai"": ""ดื่ม"", ""english"": ""drink"", ""tone"": ""low""}, {""thai"": ""ชา"", ""english"": ""tea"", ""tone"": ""mid""}]",easy
negative-mai,ผมไม่ดื่มนม,phom mai duem nom,I don't drink milk,"[{""thai"": ""ผม"", ""english"": ""i"", ""tone"": ""rising""}, {""thai"": ""ไม่"", ""english"": ""not"", ""tone"": ""falling""}, {""thai"": ""ดื่ม"", ""english"": ""drink"", ""tone"": ""low""}, {""thai"": ""นม"", ""english"": ""milk"", ""tone"": ""mid""}]",easy
negative-mai,เขาไม่ไปโรงเรียน,khao mai pai rongrian,He doesn't go to school,"[{""thai"": ""เขา"", ""english"": ""he"", ""tone"": ""mid""}, {""thai"": ""ไม่"", ""english"": ""not"", ""tone"": ""falling""}, {""thai"": ""ไป"", ""english"": ""go to"", ""tone"": ""mid""}, {""thai"": ""โรงเรียน"", ""english"": ""school"", ""tone"": ""mid""}]",easy
negative-mai,พ่อไม่ซื้อเสื้อ,pho mai sue suea,Dad doesn't buy a shirt,"[{""thai"": ""พ่อ"", ""english"": ""dad"", ""tone"": ""falling""}, {""thai"": ""ไม่"", ""english"": ""not"", ""tone"": ""falling""}, {""thai"": ""ซื้อ"", ""english"": ""buy"", ""tone"": ""high""}, {""thai"": ""เสื้อ"", ""english"": ""a shirt"", ""tone"": ""falling""}]",easy
negative-mai,พ่อไม่เล่นเกม,pho mai len game,Dad doesn't play games,"[{""thai"": ""พ่อ"", ""english"": ""dad"", ""tone"": ""falling""}, {""thai"": ""ไม่"", ""english"": ""not"", ""tone"": ""falling""}, {""thai"": ""เล่น"", ""english"": ""play"", ""tone"": ""low""}, {""thai"": ""เกม"", ""english"": ""games"", ""tone"": ""mid""}]",easy
negative-mai,พ่อไม่ดื่มนม,pho mai duem nom,Dad doesn't drink milk,"[{""thai"": ""พ่อ"", ""english"": ""dad"", ""tone"": ""falling""}, {""thai"": ""ไม่"", ""english"": ""not"", ""tone"": ""falling""}, {""thai"": ""ดื่ม"", ""english"": ""drink"", ""tone"": ""low""}, {""thai"": ""นม"", ""english"": ""milk"", ""tone"": ""mid""}]",easy
negative-mai,ผมไม่เล่นฟุตบอล,phom mai len football,I don't play football,"[{""thai"": ""ผม"", ""english"": ""i"", ""tone"": ""rising""}, {""thai"": ""ไม่"", ""english"": ""not"", ""tone"": ""falling""}, {""thai"": ""เล่น"", ""english"": ""play"", ""tone"": ""low""}, {""thai"": ""ฟุตบอล"", ""english"": ""football"", ""tone"": ""mid""}]",easy
negative-mai,เธอไม่กินอาหาร,thoe mai gin ahan,She doesn't eat food,"[{""thai"": ""เธอ"", ""english"": ""she"", ""tone"": ""mid""}, {""thai"": ""ไม่"", ""english"": ""not"", ""tone"": ""falling""}, {""thai"": ""กิน"", ""english"": ""eat"", ""tone"": ""mid""}, {""thai"": ""อาหาร"", ""english"": ""food"", ""tone"": ""mid""}]",easy
negative-mai,เธอไม่ชอบปลา,thoe mai chop pla,She doesn't like fish,"[{""thai"": ""เธอ"", ""english"": ""she"", ""tone"": ""mid""}, {""thai"": ""ไม่"", ""english"": ""not"", ""tone"": ""falling""}, {""thai"": ""ชอบ"", ""english"": ""like"", ""tone"": ""falling""}, {""thai"": ""ปลา"", ""english"": ""fish"", ""tone"": ""mid""}]",easy
negative-mai,เธอไม่ชอบผัก,thoe mai chop phak,She doesn't like vegetables,"[{""thai"": ""เธอ"", ""english"": ""she"", ""tone"": ""mid""}, {""thai"": ""ไม่"", ""english"": ""not"", ""tone"": ""falling""}, {""thai"": ""ชอบ"", ""english"": ""like"", ""tone"": ""falling""}, {""thai"": ""ผัก"", ""english"": ""vegetables"", ""tone"": ""high""}]",easy
negative-mai,เด็กไม่กินเผ็ด,dek mai gin phet,The child doesn't eat spicy food,"[{""thai"": ""เด็ก"", ""english"": ""the child"", ""tone"": ""low""}, {""thai"": ""ไม่"", ""english"": ""not"", ""tone"": ""falling""}, {""thai"": ""กิน"", ""english"": ""eat"", ""tone"": ""mid""}, {""thai"": ""เผ็ด"", ""english"": ""spicy food"", ""tone"": ""low""}]",easy
negative-mai,เพื่อนไม่กินข้าว,phuean mai gin khao,My friend doesn't eat rice,"[{""thai"": ""เพื่อน"", ""english"": ""my friend"", ""tone"": ""falling""}, {""thai"": ""ไม่"", ""english"": ""not"", ""tone"": ""falling""}, {""thai"": ""กิน"", ""english"": ""eat"", ""tone"": ""mid""}, {""thai"": ""ข้าว"", ""english"": ""rice"", ""tone"": ""falling""}]",easy
negative-mai,เพื่อนไม่ดื่มชา,phuean mai duem cha,My friend doesn't drink tea,"[{""thai"": ""เพื่อน"", ""english"": ""my friend"", ""tone"": ""falling""}, {""thai"": ""ไม่"", ""english"": ""not"", ""tone"": ""falling""}, {""thai"": ""ดื่ม"", ""english"": ""drink"", ""tone"": ""low""}, {""thai"": ""ชา"", ""english"": ""tea"", ""tone"": ""mid""}]",easy
negative-mai,เด็กไม่ดูทีวี,dek mai du thiwi,The child doesn't watch TV,"[{""thai"": ""เด็ก"", ""english"": ""the child"", ""tone"": ""low""}, {""thai"": ""ไม่"", ""english"": ""not"", ""tone"": ""falling""}, {""thai"": ""ดู"", ""english"": ""watch"", ""tone"": ""mid""}, {""thai"": ""ทีวี"", ""english"": ""TV"", ""tone"": ""mid""}]",easy
negative-mai,เธอไม่ดื่มนม,thoe mai duem nom,She doesn't drink milk,"[{""thai"": ""เธอ"", ""english"": ""she"", ""tone"": ""mid""}, {""thai"": ""ไม่"", ""english"": ""not"", ""tone"": ""falling""}, {""thai"": ""ดื่ม"", ""english"": ""drink"", ""tone"": ""low""}, {""thai"": ""นม"", ""english"": ""milk"", ""tone"": ""mid""}]",easy
negative-mai,แม่ไม่ใช้โทรศัพท์,mae mai chai thorasaap,Mom doesn't use a phone,"[{""thai"": ""แม่"", ""english"": ""mom"", ""tone"": ""falling""}, {""thai"": ""ไม่"", ""english"": ""not"", ""tone"": ""falling""}, {""thai"": ""ใช้"", ""english"": ""use"", ""tone"": ""high""}, {""thai"": ""โทรศัพท์"", ""english"": ""a phone"", ""tone"": ""mid""}]",easy
negative-mai,ครูไม่ใช้คอมพิวเตอร์,khru mai chai khomphiwtoe,The teacher doesn't use a computer,"[{""thai"": ""ครู"", ""english"": ""the teacher"", ""tone"": ""mid""}, {""thai"": ""ไม่"", ""english"": ""not"", ""tone"": ""falling""}, {""thai"": ""ใช้"", ""english"": ""use"", ""tone"": ""high""}, {""thai"": ""คอมพิวเตอร์"", ""english"": ""a computer"", ""tone"": ""mid""}]",easy
negative-mai,ผมไม่ดูฟุตบอล,phom mai du football,I don't watch football,"[{""thai"": ""ผม"", ""english"": ""i"", ""tone"": ""rising""}, {""thai"": ""ไม่"", ""english"": ""not"", ""tone"": ""falling""}, {""thai"": ""ดู"", ""english"": ""watch"", ""tone"": ""mid""}, {""thai"": ""ฟุตบอล"", ""english"": ""football"", ""tone"": ""mid""}]",easy
negative-mai,เธอไม่ซื้ออาหาร,thoe mai sue ahan,She doesn't buy food,"[{""thai"": ""เธอ"", ""english"": ""she"", ""tone"": ""mid""}, {""thai"": ""ไม่"", ""english"": ""not"", ""tone"": ""falling""}, {""thai"": ""ซื้อ"", ""english"": ""buy"", ""tone"": ""high""}, {""thai"": ""อาหาร"", ""english"": ""food"", ""tone"": ""mid""}]",easy
negative-mai,ครูไม่ไปตลาด,khru mai pai talat,The teacher doesn't go to the market,"[{""thai"": ""ครู"", ""english"": ""the teacher"", ""tone"": ""mid""}, {""thai"": ""ไม่"", ""english"": ""not"", ""tone"": ""falling""}, {""thai"": ""ไป"", ""english"": ""go to"", ""tone"": ""mid""}, {""thai"": ""ตลาด"", ""english"": ""the market"", ""tone"": ""low""}]",easy
negative-mai,ครูไม่อ่านข่าว,khru mai an khao,The teacher doesn't read the news,"[{""thai"": ""ครู"", ""english"": ""the teacher"", ""tone"": ""mid""}, {""thai"": ""ไม่"", ""english"": ""not"", ""tone"": ""falling""}, {""thai"": ""อ่าน"", ""english"": ""read"", ""tone"": ""low""}, {""thai"": ""ข่าว"", ""english"": ""the news"", ""tone"": ""low""}]",easy
negative-mai,พ่อไม่ไปบ้าน,pho mai pai ban,Dad doesn't go to home,"[{""thai"": ""พ่อ"", ""english"": ""dad"", ""tone"": ""falling""}, {""thai"": ""ไม่"", ""english"": ""not"", ""tone"": ""falling""}, {""thai"": ""ไป"", ""english"": ""go to"", ""tone"": ""mid""}, {""thai"": ""บ้าน"", ""english"": ""home"", ""tone"": ""falling""}]",easy
negative-mai,ฉันไม่ดื่มน้ำ,chan mai duem nam,I don't drink water,"[{""thai"": ""ฉัน"", ""english"": ""i"", ""tone"": ""rising""}, {""thai"": ""ไม่"", ""english"": ""not"", ""tone"": ""falling""}, {""thai"": ""ดื่ม"", ""english"": ""drink"", ""tone"": ""low""}, {""thai"": ""น้ำ"", ""english"": ""water"", ""tone"": ""high""}]",easy
negative-mai,ฉันไม่ซื้ออาหาร,chan mai sue ahan,I don't buy food,"[{""thai"": ""ฉัน"", ""english"": ""i"", ""tone"": ""rising""}, {""thai"": ""ไม่"", ""english"": ""not"", ""tone"": ""falling""}, {""thai"": ""ซื้อ"", ""english"": ""buy"", ""tone"": ""high""}, {""thai"": ""อาหาร"", ""english"": ""food"", ""tone"": ""mid""}]",easy
negative-mai,แม่ไม่ดื่มนม,mae mai duem nom,Mom doesn't drink milk,"[{""thai"": ""แม่"", ""english"": ""mom"", ""tone"": ""falling""}, {""thai"": ""ไม่"", ""english"": ""not"", ""tone"": ""falling""}, {""thai"": ""ดื่ม"", ""english"": ""drink"", ""tone"": ""low""}, {""thai"": ""นม"", ""english"": ""milk"", ""tone"": ""mid""}]",easy
negative-mai,นักเรียนไม่ดูทีวี,nakrian mai du thiwi,The student doesn't watch TV,"[{""thai"": ""นักเรียน"", ""english"": ""the student"", ""tone"": ""high""}, {""thai"": ""ไม่"", ""english"": ""not"", ""tone"": ""falling""}, {""thai"": ""ดู"", ""english"": ""watch"", ""tone"": ""mid""}, {""thai"": ""ทีวี"", ""english"": ""TV"", ""tone"": ""mid""}]",easy
negative-mai,ครูไม่ชอบเผ็ด,khru mai chop phet,The teacher doesn't like spicy food,"[{""thai"": ""ครู"", ""english"": ""the teacher"", ""tone"": ""mid""}, {""thai"": ""ไม่"", ""english"": ""not"", ""tone"": ""falling""}, {""thai"": ""ชอบ"", ""english"": ""like"", ""tone"": ""falling""}, {""thai"": ""เผ็ด"", ""english"": ""spicy food"", ""tone"": ""low""}]",easy
negative-mai,เพื่อนไม่ทำอาหาร,phuean mai tham ahan,My friend doesn't make food,"[{""thai"": ""เพื่อน"", ""english"": ""my friend"", ""tone"": ""falling""}, {""thai"": ""ไม่"", ""english"": ""not"", ""tone"": ""falling""}, {""thai"": ""ทำ"", ""english"": ""make"", ""tone"": ""mid""}, {""thai"": ""อาหาร"", ""english"": ""food"", ""tone"": ""mid""}]",easy
negative-mai,ฉันไม่ซื้อผลไม้,chan mai sue phonlamai,I don't buy fruit,"[{""thai"": ""ฉัน"", ""english"": ""i"", ""tone"": ""rising""}, {""thai"": ""ไม่"", ""english"": ""not"", ""tone"": ""falling""}, {""thai"": ""ซื้อ"", ""english"": ""buy"", ""tone"": ""high""}, {""thai"": ""ผลไม้"", ""english"": ""fruit"", ""tone"": ""mid""}]",easy
negative-mai,เด็กไม่ใช้โทรศัพท์,dek mai chai thorasaap,The child doesn't use a phone,"[{""thai"": ""เด็ก"", ""english"": ""the child"", ""tone"": ""low""}, {""thai"": ""ไม่"", ""english"": ""not"", ""tone"": ""falling""}, {""thai"": ""ใช้"", ""english"": ""use"", ""tone"": ""high""}, {""thai"": ""โทรศัพท์"", ""english"": ""a phone"", ""tone"": ""mid""}]",easy
negative-mai,ครูไม่ดื่มนม,khru mai duem nom,The teacher doesn't drink milk,"[{""thai"": ""ครู"", ""english"": ""the teacher"", ""tone"": ""mid""}, {""thai"": ""ไม่"", ""english"": ""not"", ""tone"": ""falling""}, {""thai"": ""ดื่ม"", ""english"": ""drink"", ""tone"": ""low""}, {""thai"": ""นม"", ""english"": ""milk"", ""tone"": ""mid""}]",easy
negative-mai,แม่ไม่ดื่มเบียร์,mae mai duem bia,Mom doesn't drink beer,"[{""thai"": ""แม่"", ""english"": ""mom"", ""tone"": ""falling""}, {""thai"": ""ไม่"", ""english"": ""not"", ""tone"": ""falling""}, {""thai"": ""ดื่ม"", ""english"": ""drink"", ""tone"": ""low""}, {""thai"": ""เบียร์"", ""english"": ""beer"", ""tone"": ""mid""}]",easy
negative-mai,เด็กไม่ชอบกาแฟ,dek mai chop kafae,The child doesn't like coffee,"[{""thai"": ""เด็ก"", ""english"": ""the child"", ""tone"": ""low""}, {""thai"": ""ไม่"", ""english"": ""not"", ""tone"": ""falling""}, {""thai"": ""ชอบ"", ""english"": ""like"", ""tone"": ""falling""}, {""thai"": ""กาแฟ"", ""english"": ""coffee"", ""tone"": ""mid""}]",easy
negative-mai,เธอไม่ทำอาหาร,thoe mai tham ahan,She doesn't make food,"[{""thai"": ""เธอ"", ""english"": ""she"", ""tone"": ""mid""}, {""thai"": ""ไม่"", ""english"": ""not"", ""tone"": ""falling""}, {""thai"": ""ทำ"", ""english"": ""make"", ""tone"": ""mid""}, {""thai"": ""อาหาร"", ""english"": ""food"", ""tone"": ""mid""}]",easy
negative-mai,พวกเขาไม่กินอาหาร,phuak khao mai gin ahan,They don't eat food,"[{""thai"": ""พวกเขา"", ""english"": ""they"", ""tone"": ""mid""}, {""thai"": ""ไม่"", ""english"": ""not"", ""tone"": ""falling""}, {""thai"": ""กิน"", ""english"": ""eat"", ""tone"": ""mid""}, {""thai"": ""อาหาร"", ""english"": ""food"", ""tone"": ""mid""}]",easy
negative-mai,นักเรียนไม่กินก๋วยเตี๋ยว,nakrian mai gin kuaitiao,The student doesn't eat noodles,"[{""thai"": ""นักเรียน"", ""english"": ""the student"", ""tone"": ""high""}, {""thai"": ""ไม่"", ""english"": ""not"", ""tone"": ""falling""}, {""thai"": ""กิน"", ""english"": ""eat"", ""tone"": ""mid""}, {""thai"": ""ก๋วยเตี๋ยว"", ""english"": ""noodles"", ""tone"": ""low""}]",easy
negative-mai,เขาไม่ดื่มนม,khao mai duem nom,He doesn't drink milk,"[{""thai"": ""เขา"", ""english"": ""he"", ""tone"": ""mid""}, {""thai"": ""ไม่"", ""english"": ""not"", ""tone"": ""falling""}, {""thai"": ""ดื่ม"", ""english"": ""drink"", ""tone"": ""low""}, {""thai"": ""นม"", ""english"": ""milk"", ""tone"": ""mid""}]",easy
negative-mai,นักเรียนไม่ทำอาหาร,nakrian mai tham ahan,The student doesn't make food,"[{""thai"": ""นักเรียน"", ""english"": ""the student"", ""tone"": ""high""}, {""thai"": ""ไม่"", ""english"": ""not"", ""tone"": ""falling""}, {""thai"": ""ทำ"", ""english"": ""make"", ""tone"": ""mid""}, {""thai"": ""อาหาร"", ""english"": ""food"", ""tone"": ""mid""}]",easy
negative-mai,เพื่อนไม่ซื้อเสื้อ,phuean mai sue suea,My friend doesn't buy a shirt,"[{""thai"": ""เพื่อน"", ""english"": ""my friend"", ""tone"": ""falling""}, {""thai"": ""ไม่"", ""english"": ""not"", ""tone"": ""falling""}, {""thai"": ""ซื้อ"", ""english"": ""buy"", ""tone"": ""high""}, {""thai"": ""เสื้อ"", ""english"": ""a shirt"", ""tone"": ""falling""}]",easy
negative-mai,พวกเขาไม่อ่านหนังสือพิมพ์,phuak khao mai an nangsuephim,They don't read the newspaper,"[{""thai"": ""พวกเขา"", ""english"": ""they"", ""tone"": ""mid""}, {""thai"": ""ไม่"", ""english"": ""not"", ""tone"": ""falling""}, {""thai"": ""อ่าน"", ""english"": ""read"", ""tone"": ""low""}, {""thai"": ""หนังสือพิมพ์"", ""english"": ""the newspaper"", ""tone"": ""low""}]",easy
negative-mai,ฉันไม่ไปบ้าน,chan mai pai ban,I don't go to home,"[{""thai"": ""ฉัน"", ""english"": ""i"", ""tone"": ""rising""}, {""thai"": ""ไม่"", ""english"": ""not"", ""tone"": ""falling""}, {""thai"": ""ไป"", ""english"": ""go to"", ""tone"": ""mid""}, {""thai"": ""บ้าน"", ""english"": ""home"", ""tone"": ""falling""}]",easy
negative-mai,เธอไม่กินผัก,thoe mai gin phak,She doesn't eat vegetables,"[{""thai"": ""เธอ"", ""english"": ""she"", ""tone"": ""mid""}, {""thai"": ""ไม่"", ""english"": ""not"", ""tone"": ""falling""}, {""thai"": ""กิน"", ""english"": ""eat"", ""tone"": ""mid""}, {""thai"": ""ผัก"", ""english"": ""vegetables"", ""tone"": ""high""}]",easy
negative-mai,เธอไม่ซื้อผลไม้,thoe mai sue phonlamai,She doesn't buy fruit,"[{""thai"": ""เธอ"", ""english"": ""she"", ""tone"": ""mid""}, {""thai"": ""ไม่"", ""english"": ""not"", ""tone"": ""falling""}, {""thai"": ""ซื้อ"", ""english"": ""buy"", ""tone"": ""high""}, {""thai"": ""ผลไม้"", ""english"": ""fruit"", ""tone"": ""mid""}]",easy
negative-mai,แม่ไม่กินปลา,mae mai gin pla,Mom doesn't eat fish,"[{""thai"": ""แม่"", ""english"": ""mom"", ""tone"": ""falling""}, {""thai"": ""ไม่"", ""english"": ""not"", ""tone"": ""falling""}, {""thai"": ""กิน"", ""english"": ""eat"", ""tone"": ""mid""}, {""thai"": ""ปลา"", ""english"": ""fish"", ""tone"": ""mid""}]",easy
